id,conversation_id,created_at,date,time,timezone,user_id,username,name,place,tweet,language,mentions,urls,photos,replies_count,retweets_count,likes_count,hashtags,cashtags,link,retweet,quote_url,video,thumbnail,near,geo,source,user_rt_id,user_rt,retweet_id,reply_to,retweet_date,translate,trans_src,trans_dest
1315089752928985089,1315089752928985089,2020-10-10 20:40:04 EDT,2020-10-10,20:40:04,-0400,862493306382626818,kylekashuv,Kyle Kashuv,,https://t.co/NNUCqhN8BZ,und,[],['http://Antifa.com'],[],35,111,346,[],[],https://twitter.com/KyleKashuv/status/1315089752928985089,,,0,,,,,,,,"{'user_id': None, 'username': None}",,,,
1314954586411593728,1314947471546757121,2020-10-10 11:42:58 EDT,2020-10-10,11:42:58,-0400,23639272,ericjracy,Eric Racy,,@Prebman2020 @Sepher_Raziel @HillaryClinton Appears to have been registered in Panama. https://t.co/rb2o7WQCaP,en,"['prebman2020', 'sepher_raziel', 'hillaryclinton']",['https://www.whois.com/whois/antifa.com'],[],0,0,1,[],[],https://twitter.com/EricJRacy/status/1314954586411593728,,,0,,,,,,,,"{'user_id': '390946036', 'username': 'Prebman2020'}",,,,
1314948365956853760,1314948365956853760,2020-10-10 11:18:15 EDT,2020-10-10,11:18:15,-0400,19989052,rhowardbrowne,Rodney Howard-Browne,,Or on https://t.co/InpJSXVqly one and the same !,en,[],['http://Antifa.com'],[],2,12,29,[],[],https://twitter.com/rhowardbrowne/status/1314948365956853760,,https://twitter.com/hillaryclinton/status/1314947471546757121,0,,,,,,,,"{'user_id': None, 'username': None}",,,,
1313612912695664640,1313596277863731205,2020-10-06 18:51:38 EDT,2020-10-06,18:51:38,-0400,24295482,davidwebbshow,David Webb,,"@CamEdwards Lesson: Hey @TheDemocrats, if you defend your home with your #2ndAmendment rights against rioters who threaten you, their left-wing prosecutors will go after you. This is what the @JoeBiden, @KamalaHarris America will be like. https://t.co/y5CIa6SnlK",en,"['camedwards', 'thedemocrats', 'joebiden', 'kamalaharris']",['http://www.Antifa.com'],[],10,64,106,['2ndamendment'],[],https://twitter.com/davidwebbshow/status/1313612912695664640,,,0,,,,,,,,"{'user_id': '18004009', 'username': 'CamEdwards'}",,,,
1313261219936169984,1313261219936169984,2020-10-05 19:34:08 EDT,2020-10-05,19:34:08,-0400,113758288,travisaaronwade,Travis Aaron Wade,"{'type': 'Point', 'coordinates': [40.0, -100.0]}",Look at the bottom left hand corner LIKE if you see it COMMENT if you‚Äôve typed in the website www antifa com @ United States https://t.co/nomhMg07Qo,en,[],['https://www.instagram.com/p/CF-v60PFjNu/?igshid=1nuif98xf6rsb'],[],1,1,0,[],[],https://twitter.com/TravisAaronWade/status/1313261219936169984,,,0,,,,,,,,"{'user_id': None, 'username': None}",,,,
1312313327301939201,1312313327301939201,2020-10-03 04:47:33 EDT,2020-10-03,04:47:33,-0400,21572351,auctnr1,Billy Long,,"@Biden Said 'ANTIFA's an Idea, Not an Organization' Yet https://t.co/huGynCd7cU Takes You to Biden Campaign Site For a Donation - DJHJ Media #MBGA (Make Basements Great Again) #MAGA #MAGA2020 #MAGA2020Landslide #KAG #KAG2020 #KAGA #KAGA2020 #Antifa  https://t.co/RFkJsxAzuI",en,['biden'],"['http://antifa.com', 'https://djhjmedia.com/rich/joe-biden-said-antifas-an-idea-not-an-organization-yet-their-website-takes-you-to-biden-campaign-site-for-a-donation/']",[],0,0,0,"['mbga', 'maga', 'maga2020', 'maga2020landslide', 'kag', 'kag2020', 'kaga', 'kaga2020', 'antifa']",[],https://twitter.com/auctnr1/status/1312313327301939201,,,0,,,,,,,,"{'user_id': '24259259', 'username': 'biden'}",,,,
1311801210115166212,1311801210115166212,2020-10-01 18:52:35 EDT,2020-10-01,18:52:35,-0400,335100687,chriscpandolfo,Chris Pandolfo,,"You guys. 

Go to https://t.co/EPM9mmLdFc right now.",en,[],['http://Antifa.com'],[],79,136,195,[],[],https://twitter.com/ChrisCPandolfo/status/1311801210115166212,,,0,,,,,,,,"{'user_id': None, 'username': None}",,,,
1311680663448322048,1311679301201297408,2020-10-01 10:53:34 EDT,2020-10-01,10:53:34,-0400,34764540,austinruse,Austin Ruse / ‚ÄúAppointing Justices is Not Packing‚Äù,,@DarrellColema20 @chrislhayes https://t.co/TVAwbic4Kh,und,"['darrellcolema20', 'chrislhayes']",['http://antifa.com'],[],0,0,2,[],[],https://twitter.com/austinruse/status/1311680663448322048,,,0,,,,,,,,"{'user_id': '774799437847748608', 'username': 'DarrellColema20'}",,,,
1311483308329574403,1311483308329574403,2020-09-30 21:49:21 EDT,2020-09-30,21:49:21,-0400,992623688028774400,manny_alicandro,Manny Alicandro,,Type in https://t.co/u5nJSiEk4P and see what happens. You can see @JoeBiden @KamalaHarris website comes up...,en,"['joebiden', 'kamalaharris']",['http://antifa.com'],[],0,0,0,[],[],https://twitter.com/Manny_Alicandro/status/1311483308329574403,,,0,,,,,,,,"{'user_id': None, 'username': None}",,,,
1311470548006834176,1311470548006834176,2020-09-30 20:58:39 EDT,2020-09-30,20:58:39,-0400,467890149,billgriffithnew,Bill Griffith,,"This is actually true! I just typed ""https://t.co/CDR1BmjHc8"" into my search engine and it automatically redirected to ""https://t.co/iNMFtLcPmp"" - his official page!!!! Try it for yourself! WOW!",en,[],"['http://antifa.com', 'http://joebiden.com']",[],0,1,1,[],[],https://twitter.com/BillGriffithNew/status/1311470548006834176,,https://twitter.com/gatewaypundit/status/1311468943903789056,0,,,,,,,,"{'user_id': None, 'username': None}",,,,
1311468943903789056,1311468943903789056,2020-09-30 20:52:16 EDT,2020-09-30,20:52:16,-0400,19211550,gatewaypundit,Jim Hoft,,"CAN'T MAKE THIS UP: Biden Won't Condemn Antifa Terrorists - Says Antifa ""Just an Idea"" But https://t.co/XBi3rt8ELs URL Takes You to ""Biden for President"" Donation Page @JoeHoft via @gatewaypundit https://t.co/DbwVTjDD2s",en,"['joehoft', 'gatewaypundit']","['http://Antifa.com', 'https://www.thegatewaypundit.com/2020/09/cant-make-biden-wont-condemn-antifa-terrorists-says-antifa-just-idea-antifa-com-url-takes-biden-president-donation-page/?utm_source=Twitter&utm_campaign=websitesharingbuttons']",[],48,870,943,[],[],https://twitter.com/gatewaypundit/status/1311468943903789056,,,0,,,,,,,,"{'user_id': None, 'username': None}",,,,
1311433353514618880,1311433353514618880,2020-09-30 18:30:51 EDT,2020-09-30,18:30:51,-0400,19149039,davidshafer,David Shafer,,President Trump designated the Ku Klux Klan a domestic terrorist organization and has repeatedly denounced white supremacism. Chris Wallace absurdly asked him to do it again but never asked Joe Biden to denounce Antifa whose website points to his campaign! https://t.co/0foALHkVNs,en,[],['http://antifa.com'],[],12,150,275,[],[],https://twitter.com/DavidShafer/status/1311433353514618880,,https://twitter.com/RealJamesWoods/status/1311359450289061889,0,,,,,,,,"{'user_id': None, 'username': None}",,,,
1311365770555863041,1311365770555863041,2020-09-30 14:02:18 EDT,2020-09-30,14:02:18,-0400,14116588,lsanger,Larry Sanger,,"A WHOIS search doesn't let you know who owns this interesting domain, but it redirects to https://t.co/KpSGKs9cVO: 

https://t.co/ckUEhUeJHw

LOL",en,[],"['http://JoeBiden.com', 'http://Antifa.com']",[],2,6,20,[],[],https://twitter.com/lsanger/status/1311365770555863041,,,0,,,,,,,,"{'user_id': None, 'username': None}",,,,
1311275893562593281,1311275893562593281,2020-09-30 08:05:10 EDT,2020-09-30,08:05:10,-0400,47783619,ztb,Zachery Ty Bryan,,"Biden: ANTIFA is an idea, not an organization.

Google: https://t.co/0loFeNBEUg",en,[],['http://www.antifa.com'],[],13,22,96,[],[],https://twitter.com/ZTB/status/1311275893562593281,,,0,,,,,,,,"{'user_id': None, 'username': None}",,,,
1311130145403609090,1311130145403609090,2020-09-29 22:26:00 EDT,2020-09-29,22:26:00,-0400,86177206,tppatriots,Tea Party Patriots,,"The real reason Joe Biden doesn't want Antifa designated as a terrorist organization?

https://t.co/HbSMcjc3X3 redirects to the Biden Campaign's website asking for donations ü§£

#Debates2020",en,[],['http://Antifa.com'],[],9,68,134,['debates2020'],[],https://twitter.com/TPPatriots/status/1311130145403609090,,,0,,,,,,,,"{'user_id': None, 'username': None}",,,,
1311127369030275073,1311127369030275073,2020-09-29 22:14:59 EDT,2020-09-29,22:14:59,-0400,3981225735,trumpstudents,Students For Trump,,"Never forget, https://t.co/atrSpS1tCP redirects to Joe Biden's website.",en,[],['http://ANTIFA.com'],[],11,179,373,[],[],https://twitter.com/TrumpStudents/status/1311127369030275073,,,0,,,,,,,,"{'user_id': None, 'username': None}",,,,
1310537892981284864,1310537892981284864,2020-09-28 07:12:36 EDT,2020-09-28,07:12:36,-0400,25571672,fabiomura,fabio murakawa,,"Favorito do presidente, ‚Å¶@jorgeofco‚Å© n√£o quer ir para o STF agora; Bolsonaro cogita dois ministros do STJ, mas outros nomes correm por fora. Terrivelmente evang√©lico, Andr√© Mendon√ßa perdeu for√ßa ap√≥s epis√≥dio do dossi√™ antifa. Com ‚Å¶@AndreaJube‚Å© https://t.co/bQxrjhZrMh",pt,"['jorgeofco', 'andreajube']",['https://valor.globo.com/politica/noticia/2020/09/28/oliveira-e-ministros-do-stj-sao-favoritos-a-vaga-de-mello.ghtml'],[],5,6,22,[],[],https://twitter.com/fabiomura/status/1310537892981284864,,,0,,,,,,,,"{'user_id': None, 'username': None}",,,,
1305905510206435329,1305905510206435329,2020-09-15 12:25:10 EDT,2020-09-15,12:25:10,-0400,22067787,ryankibby,Ryan Kibby,,Antifa and blm are conformists. Go to https://t.co/koCkx7C7Y9 it directs you to joe biden's campaign page. Lol! These people think they're radical while literally the main stream media supports them. What a joke!ü§£ü§£,en,[],['http://antifa.com'],[],0,0,2,[],[],https://twitter.com/ryankibby/status/1305905510206435329,,,0,,,,,,,,"{'user_id': None, 'username': None}",,,,
1304892748844195841,1304883422754746370,2020-09-12 17:20:49 EDT,2020-09-12,17:20:49,-0400,14362404,bradheath,Brad Heath,,"@zinfandelfortwo OK, but evidence of what? Not collecting data that isn't required to be collected? 

I'm mystified by the antifa-dot-com thing. The significance of it is .... ? A prank? Who knows. It's not even clear that it was a real website, but it was covered: https://t.co/SBbWGrwi2l, etc.",en,['zinfandelfortwo'],['https://www.usatoday.com/story/news/factcheck/2020/09/02/fact-check-antifa-com-redirects-joe-biden-site-hes-not-involved/3455297001/'],[],2,0,2,[],[],https://twitter.com/bradheath/status/1304892748844195841,,,0,,,,,,,,"{'user_id': '1173502946', 'username': 'zinfandelfortwo'}",,,,
1304184206931582977,1302693161635057665,2020-09-10 18:25:20 EDT,2020-09-10,18:25:20,-0400,16148602,ideagov,Alan W. Silberberg üá∫üá∏,,"@notphilatall @mitchel_susan @LouiseMensch @SlickRockWeb @ChiefCovfefe @File411 @JoeBiden @ushadrons @Rob_Flaherty @RonaldKlain @TeamJoe @AndrewBatesNC @SecretService @FBIWFO From these snippets we can see the content trying to be set up to draw people in, go to events, and actually suggest content and ideas for what the website should be about. 

These are all from the google search: https://t.co/6PJHad1r1S",en,"['notphilatall', 'mitchel_susan', 'louisemensch', 'slickrockweb', 'chiefcovfefe', 'file411', 'joebiden', 'ushadrons', 'rob_flaherty', 'ronaldklain', 'teamjoe', 'andrewbatesnc', 'secretservice', 'fbiwfo']",['https://www.google.com/search?source=hp&ei=JadaX9eBOZ3F0PEP24yQ8A4&q=site%3Aantifa.com&oq=site%3Aantifa.com&gs_lcp=CgZwc3ktYWIQAzoICAAQsQMQgwE6CwguELEDEMcBEKMCOgUIABCxAzoCCAA6CAguEMcBEKMCOgUILhCTAjoICC4QsQMQgwE6BQguELEDOggILhDHARCvAToLCC4QxwEQowIQkwI6DgguELEDEMcBEKMCEJMCOgoIABCxAxCDARAKOgQIABAKUPAVWLsuYMoxaABwAHgAgAHLAYgB8wySAQU4LjUuMpgBAKABAaoBB2d3cy13aXo&sclient=psy-ab&ved=0ahUKEwiXqOqH0N_rAhWdIjQIHVsGBO4Q4dUDCAk&uact=5'],[],0,0,1,[],[],https://twitter.com/IdeaGov/status/1304184206931582977,,,0,,,,,,,,"{'user_id': '16148602', 'username': 'IdeaGov'}",,,,
1304183872758845441,1302693161635057665,2020-09-10 18:24:00 EDT,2020-09-10,18:24:00,-0400,16148602,ideagov,Alan W. Silberberg üá∫üá∏,,"@notphilatall @mitchel_susan @LouiseMensch @SlickRockWeb @ChiefCovfefe @File411 @JoeBiden @ushadrons @Rob_Flaherty @RonaldKlain @TeamJoe @AndrewBatesNC @SecretService @FBIWFO scraped description: "" https://t.co/rcP84ZPqbw | Join Us &amp; Take Action https://t.co/sMWZH5njqU ‚Ä∫ contact
YOU'RE INVITED: Join Anonymously &amp; Get Access to Member Only Information You Need to Win. BECAUSE: Losing to the ""Fascist-Status-Quo"" is Not an """,en,"['notphilatall', 'mitchel_susan', 'louisemensch', 'slickrockweb', 'chiefcovfefe', 'file411', 'joebiden', 'ushadrons', 'rob_flaherty', 'ronaldklain', 'teamjoe', 'andrewbatesnc', 'secretservice', 'fbiwfo']","['http://ANTIFA.COM', 'http://Nowwww.antifa.com']",[],1,1,4,[],[],https://twitter.com/IdeaGov/status/1304183872758845441,,,0,,,,,,,,"{'user_id': '16148602', 'username': 'IdeaGov'}",,,,
1304179042061438978,1302693161635057665,2020-09-10 18:04:48 EDT,2020-09-10,18:04:48,-0400,16148602,ideagov,Alan W. Silberberg üá∫üá∏,,"@notphilatall @mitchel_susan @LouiseMensch @SlickRockWeb @ChiefCovfefe @File411 @JoeBiden @ushadrons @Rob_Flaherty @RonaldKlain @TeamJoe @AndrewBatesNC @SecretService @FBIWFO In July 2020 this website published call to action in Wisconsin, trying to attract real people to an event. Now gone. But if you google this search- ""site:https://t.co/RxQus7DkAu"" you can still see breadcrumb from deleted url. This is what Russia did in Ferguson, + 2016 election.",en,"['notphilatall', 'mitchel_susan', 'louisemensch', 'slickrockweb', 'chiefcovfefe', 'file411', 'joebiden', 'ushadrons', 'rob_flaherty', 'ronaldklain', 'teamjoe', 'andrewbatesnc', 'secretservice', 'fbiwfo']",['http://antifa.com'],[],1,10,15,[],[],https://twitter.com/IdeaGov/status/1304179042061438978,,,0,,,,,,,,"{'user_id': '12388782', 'username': 'notphilatall'}",,,,
1304176473847345153,1304176473847345153,2020-09-10 17:54:36 EDT,2020-09-10,17:54:36,-0400,36654245,jackkingston,Jack Kingston,,Wow!!! Google https://t.co/0bvi7KfoEH and see what comes up! I guess we shouldn‚Äôt be surprised.,en,[],['http://Antifa.com'],[],14,0,5,[],[],https://twitter.com/JackKingston/status/1304176473847345153,,,0,,,,,,,,"{'user_id': None, 'username': None}",,,,
1304169797412777984,1302693161635057665,2020-09-10 17:28:04 EDT,2020-09-10,17:28:04,-0400,16148602,ideagov,Alan W. Silberberg üá∫üá∏,,"@notphilatall @ChiefCovfefe @SlickRockWeb @LouiseMensch @File411 @JoeBiden @ushadrons @Rob_Flaherty @RonaldKlain @TeamJoe @AndrewBatesNC Headerless part is actually an aspect of the attack, in that it renders defense difficult.  This was not done by accident. Redirect occurred at same time as antifa dot com was changing to new content, including now deleted live event calls to action. https://t.co/wEhnRCtxt6",en,"['notphilatall', 'chiefcovfefe', 'slickrockweb', 'louisemensch', 'file411', 'joebiden', 'ushadrons', 'rob_flaherty', 'ronaldklain', 'teamjoe', 'andrewbatesnc']",['https://www.antifa.com/08-18-2020-wisconsin-center/'],[],0,3,5,[],[],https://twitter.com/IdeaGov/status/1304169797412777984,,,0,,,,,,,,"{'user_id': '12388782', 'username': 'notphilatall'}",,,,
1304167162232352773,1302693161635057665,2020-09-10 17:17:36 EDT,2020-09-10,17:17:36,-0400,19346439,louisemensch,Louise Mensch,,@SlickRockWeb @notphilatall @ChiefCovfefe @IdeaGov @File411 @JoeBiden @ushadrons @Rob_Flaherty @RonaldKlain @TeamJoe @AndrewBatesNC @SecretService @FBIWFO if we cannot get @TeamJoe‚Äôs attention can you point this out to them? Antifa[.]com is a Russian site.,en,"['slickrockweb', 'notphilatall', 'chiefcovfefe', 'ideagov', 'file411', 'joebiden', 'ushadrons', 'rob_flaherty', 'ronaldklain', 'teamjoe', 'andrewbatesnc', 'secretservice', 'fbiwfo', 'teamjoe']",[],[],1,7,16,[],[],https://twitter.com/LouiseMensch/status/1304167162232352773,,,0,,,,,,,,"{'user_id': '89085489', 'username': 'SlickRockWeb'}",,,,
1304126875296563201,1304052414723612677,2020-09-10 14:37:31 EDT,2020-09-10,14:37:31,-0400,19346439,louisemensch,Louise Mensch,,"TL/DR - Trump and Russian linked @OANN discussed ‚Äúantifa[.]com‚Äù redirecting to Biden‚Äôs website, and @hunterw showed that the ‚Äúantifa‚Äù site was registered in Russia between 2013 to this year.",en,"['oann', 'hunterw']",[],[],4,35,50,[],[],https://twitter.com/LouiseMensch/status/1304126875296563201,,,0,,,,,,,,"{'user_id': '19346439', 'username': 'LouiseMensch'}",,,,
1303808351122403329,1303808351122403329,2020-09-09 17:31:49 EDT,2020-09-09,17:31:49,-0400,19989052,rhowardbrowne,Rodney Howard-Browne,,Using https://t.co/InpJSXVqly ?,en,[],['http://Antifa.com'],[],7,8,35,[],[],https://twitter.com/rhowardbrowne/status/1303808351122403329,,https://twitter.com/CNN/status/1303802883574558722,0,,,,,,,,"{'user_id': None, 'username': None}",,,,
1303032157569462277,1302745584705695744,2020-09-07 14:07:30 EDT,2020-09-07,14:07:30,-0400,33918976,jimmcilvaine,Jim McIlvaine,,@joshyto I‚Äôm shocked at how many friends are being duped into believing Biden is affiliated with #Antifa because https://t.co/TM6iAS70v3 redirects to his site. Same is happening with Trump &amp; https://t.co/jxqN6OLTkk. It feels like people are easier than ever to manipulate &amp; harder to catch,en,['joshyto'],"['http://Antifa.com', 'http://antifaleadership.com']",[],0,0,0,['antifa'],[],https://twitter.com/JimMcIlvaine/status/1303032157569462277,,,0,,,,,,,,"{'user_id': '103397797', 'username': 'joshyto'}",,,,
1302863954201513986,1302863954201513986,2020-09-07 02:59:07 EDT,2020-09-07,02:59:07,-0400,9627102,fox61news,FOX61,,"VERIFY: Yes, https://t.co/77Cmckz3Xs redirects to Joe Biden's campaign website, but that doesn't mean the two are affiliated. Here's why https://t.co/4PqgXUs3PH",en,[],"['http://Antifa.com?utm_campaign=snd-autopilot', 'https://www.fox61.com/article/news/verify/verify-yes-antifacom-redirects-to-joe-bidens-website-but-that-doesnt-necessarily-mean-the-two-are-affiliated/65-faec88dd-4d72-45c4-b355-02d18afa9d43?utm_campaign=snd-autopilot']",[],10,1,4,[],[],https://twitter.com/FOX61News/status/1302863954201513986,,,0,,,,,,,,"{'user_id': None, 'username': None}",,,,
1302820367157714945,1302693161635057665,2020-09-07 00:05:55 EDT,2020-09-07,00:05:55,-0400,16148602,ideagov,Alan W. Silberberg üá∫üá∏,,"@ushadrons @HPumperton @File411 @JoeBiden @SlickRockWeb @ChiefCovfefe Hi @JoeBiden who ever is on your cyber team needs to be reading this thread, and you should delete this url that this is referring to now. https://t.co/wEhnRCtxt6",en,"['ushadrons', 'hpumperton', 'file411', 'joebiden', 'slickrockweb', 'chiefcovfefe', 'joebiden']",['https://www.antifa.com/08-18-2020-wisconsin-center/'],[],1,7,13,[],[],https://twitter.com/IdeaGov/status/1302820367157714945,,,0,,,,,,,,"{'user_id': '16148602', 'username': 'IdeaGov'}",,,,
1302819481303969794,1302693161635057665,2020-09-07 00:02:24 EDT,2020-09-07,00:02:24,-0400,16148602,ideagov,Alan W. Silberberg üá∫üá∏,,@ushadrons @HPumperton @File411 @JoeBiden @SlickRockWeb @ChiefCovfefe https://t.co/mbFRXgqlij look at date on this now deleted url...,en,"['ushadrons', 'hpumperton', 'file411', 'joebiden', 'slickrockweb', 'chiefcovfefe']",['http://antifa.com/08-18-2020-wis'],[],1,0,8,[],[],https://twitter.com/IdeaGov/status/1302819481303969794,,,0,,,,,,,,"{'user_id': '754775250', 'username': 'ushadrons'}",,,,
1302787969225424897,1302693161635057665,2020-09-06 21:57:11 EDT,2020-09-06,21:57:11,-0400,16148602,ideagov,Alan W. Silberberg üá∫üá∏,,"@File411 @SlickRockWeb @JoeBiden @ushadrons @ChiefCovfefe @AntifaWebsite @TwitterSafety This https://t.co/mbFRXgqlij taken down, wanted live event/civic unrest - same exact type of lang used in Ferguson + 2016 election attempts to draw live people to ""events"" mirror Rus active measures documented by Mueller + Senate.  Google search: ""site:https://t.co/RxQus7DkAu""",en,"['file411', 'slickrockweb', 'joebiden', 'ushadrons', 'chiefcovfefe', 'antifawebsite', 'twittersafety']","['http://antifa.com/08-18-2020-wis', 'http://antifa.com']",[],0,2,5,[],[],https://twitter.com/IdeaGov/status/1302787969225424897,,,0,,,,,,,,"{'user_id': '1140379748268466176', 'username': 'File411'}",,,,
1302733881657884673,1302693161635057665,2020-09-06 18:22:15 EDT,2020-09-06,18:22:15,-0400,16148602,ideagov,Alan W. Silberberg üá∫üá∏,,"@ChiefCovfefe @SlickRockWeb @File411 @JoeBiden @ushadrons @US_CYBERCOM üëç100% Highly likely given call to arms in Wisconsin in July. 
@US_CYBERCOM @ArmyChiefCyber @CG_CyberForge 

this page now deleted: https://t.co/mbFRXgqlij‚Ä¶ is EXACTLY what happened Ferguson riots, + 2016 Election, using fake websites to create live events to attract actual ppl.",en,"['chiefcovfefe', 'slickrockweb', 'file411', 'joebiden', 'ushadrons', 'us_cybercom', 'us_cybercom', 'armychiefcyber', 'cg_cyberforge']",['http://antifa.com/08-18-2020-wis'],[],0,2,3,[],[],https://twitter.com/IdeaGov/status/1302733881657884673,,,0,,,,,,,,"{'user_id': '15525413', 'username': 'ChiefCovfefe'}",,,,
1302730061574033418,1302730061574033418,2020-09-06 18:07:04 EDT,2020-09-06,18:07:04,-0400,15917758,wzzm13,13 On Your Side,,"VERIFY: Yes, https://t.co/hTDPamx1rl redirects to Joe Biden's campaign website, but that doesn't mean the two are affiliated. Here's why https://t.co/TlpNlklbBT",en,[],"['http://Antifa.com?utm_campaign=snd-autopilot', 'https://www.wzzm13.com/mobile/article/news/verify/verify-yes-antifacom-redirects-to-joe-bidens-website-but-that-doesnt-necessarily-mean-the-two-are-affiliated/65-faec88dd-4d72-45c4-b355-02d18afa9d43?utm_campaign=snd-autopilot']",[],11,0,0,[],[],https://twitter.com/wzzm13/status/1302730061574033418,,,0,,,,,,,,"{'user_id': None, 'username': None}",,,,
1302727742287355904,1302693161635057665,2020-09-06 17:57:51 EDT,2020-09-06,17:57:51,-0400,16148602,ideagov,Alan W. Silberberg üá∫üá∏,,"@File411 @JoeBiden @ushadrons @SlickRockWeb @ChiefCovfefe @Google Here is what the google link was referring to, now taken down. https://t.co/wEhnRCtxt6  Wisconsin. Page deleted now. 

These people not only DNS spoofing, but also actively using their website to create civil dissent in the US.  üëÄ on RUSGRUFSB",en,"['file411', 'joebiden', 'ushadrons', 'slickrockweb', 'chiefcovfefe', 'google']",['https://www.antifa.com/08-18-2020-wisconsin-center/'],[],0,7,9,[],[],https://twitter.com/IdeaGov/status/1302727742287355904,,,0,,,,,,,,"{'user_id': '16148602', 'username': 'IdeaGov'}",,,,
1302726665936818176,1302708875926417410,2020-09-06 17:53:35 EDT,2020-09-06,17:53:35,-0400,1886919373,howardsteele5,Howard Steele,,"@CassandraRules Another targeted assassination attempt on a @realDonaldTrump supporter. But, Antifa is a ""myth"" and it took Joe Hiden 100 days to say a peep about violence.  Of course, you get Joe's fundraising page when you go to https://t.co/vqNxBQ8noz.",en,"['cassandrarules', 'realdonaldtrump']",['http://antifa.com'],[],6,28,80,[],[],https://twitter.com/HowardSteele5/status/1302726665936818176,,,0,,,,,,,,"{'user_id': '902200087', 'username': 'CassandraRules'}",,,,
1302726447526678528,1302693161635057665,2020-09-06 17:52:43 EDT,2020-09-06,17:52:43,-0400,16148602,ideagov,Alan W. Silberberg üá∫üá∏,,@File411 @JoeBiden @ushadrons @SlickRockWeb @ChiefCovfefe @Google Especially this link seeking to create live event https://t.co/BNiJbeDZjS ala Ferguson and 2016 elections right from Putin's IRA playbook. GRUFSB all up in this,en,"['file411', 'joebiden', 'ushadrons', 'slickrockweb', 'chiefcovfefe', 'google']",['https://www.google.com/url?sa=t&rct=j&q=&esrc=s&source=web&cd=&ved=2ahUKEwi3jPuJwdXrAhWkJzQIHdbuCckQFjADegQIAhAB&url=https%3A%2F%2Fwww.antifa.com%2F08-18-2020-wisconsin-center%2F&usg=AOvVaw118UKtonN3377a0D1RzMhQ'],[],1,0,5,[],[],https://twitter.com/IdeaGov/status/1302726447526678528,,,0,,,,,,,,"{'user_id': '16148602', 'username': 'IdeaGov'}",,,,
1302725906784346112,1302693161635057665,2020-09-06 17:50:34 EDT,2020-09-06,17:50:34,-0400,16148602,ideagov,Alan W. Silberberg üá∫üá∏,,"@File411 @JoeBiden @ushadrons @SlickRockWeb @ChiefCovfefe What is actually quite interesting is this @Google search ""site:https://t.co/RxQus7DkAu"" -- quite revealing in terms of updates, seo information + historical record. Quite a few good nuggets.",en,"['file411', 'joebiden', 'ushadrons', 'slickrockweb', 'chiefcovfefe', 'google']",['http://antifa.com'],[],1,0,4,[],[],https://twitter.com/IdeaGov/status/1302725906784346112,,,0,,,,,,,,"{'user_id': '1140379748268466176', 'username': 'File411'}",,,,
1302708147874922499,1302708147874922499,2020-09-06 16:40:00 EDT,2020-09-06,16:40:00,-0400,46326721,kens5,KENS 5,,"If you search https://t.co/WVbpvNM5db, does it take you to https://t.co/DGvSP3IuAM, Joe Biden's official campaign website?

Yes, but that doesn't necessarily mean the two are affiliated. https://t.co/7sFpAIB8fe",en,[],"['http://Antifa.com', 'http://Joebiden.com', 'http://www.kens5.com/article/news/verify/verify-yes-antifacom-redirects-to-joe-bidens-website-but-that-doesnt-necessarily-mean-the-two-are-affiliated/65-faec88dd-4d72-45c4-b355-02d18afa9d43']",[],16,0,1,[],[],https://twitter.com/KENS5/status/1302708147874922499,,,0,,,,,,,,"{'user_id': None, 'username': None}",,,,
1302688534063730691,1302688534063730691,2020-09-06 15:22:03 EDT,2020-09-06,15:22:03,-0400,15391102,wusa9,WUSA9,,"VERIFY: Yes, https://t.co/xUkO9ls3cU redirects to Joe Biden's campaign website, but that doesn't mean the two are affiliated. Here's why https://t.co/uaBb7VeDou",en,[],"['http://Antifa.com?utm_campaign=snd-autopilot', 'https://www.wusa9.com/article/news/verify/verify-yes-antifacom-redirects-to-joe-bidens-website-but-that-doesnt-necessarily-mean-the-two-are-affiliated/65-faec88dd-4d72-45c4-b355-02d18afa9d43?utm_campaign=snd-autopilot']",[],0,2,1,[],[],https://twitter.com/wusa9/status/1302688534063730691,,,0,,,,,,,,"{'user_id': None, 'username': None}",,,,
1302505562865913857,1302505562865913857,2020-09-06 03:15:00 EDT,2020-09-06,03:15:00,-0400,12738892,wcnc,WCNC Charlotte,,"VERIFY: How internet trolls use websites like https://t.co/Jy16wHpyqx to raise unfounded suspicions 
https://t.co/1HD7AgVhGJ",en,[],"['http://antifa.com', 'https://www.wcnc.com/article/news/verify/internet-trolls-link-antifa-biden-websites/507-1b758975-8b9c-409c-abf4-6a30a2f988c8']",[],8,1,2,[],[],https://twitter.com/wcnc/status/1302505562865913857,,,0,,,,,,,,"{'user_id': None, 'username': None}",,,,
1302433999176957952,1302433999176957952,2020-09-05 22:30:38 EDT,2020-09-05,22:30:38,-0400,2410068528,aubrey_huff,Aubrey Huff,,Why isn‚Äôt https://t.co/B6CwcvmxXE trending?,en,[],['http://www.antifa.com'],[],82,192,588,[],[],https://twitter.com/aubrey_huff/status/1302433999176957952,,,0,,,,,,,,"{'user_id': None, 'username': None}",,,,
1302096930781057026,1302081544920604672,2020-09-05 00:11:14 EDT,2020-09-05,00:11:14,-0400,14046504,conor64,Conor Friedersdorf,,@Karmanon13 @Dan_Schuler @GGenaral5 @RitaPanahi @NewsPolitics @JoeBiden @KamalaHarris He made a statement in June. Look it up. And https://t.co/EqbcKwpihK redirects to him because a Trump supporter set that up to trick people like you. At least don't fall for *that*,en,"['karmanon13', 'dan_schuler', 'ggenaral5', 'ritapanahi', 'newspolitics', 'joebiden', 'kamalaharris']",['http://Antifa.com'],[],2,0,1,[],[],https://twitter.com/conor64/status/1302096930781057026,,,0,,,,,,,,"{'user_id': '813601820', 'username': 'Karmanon13'}",,,,
1301832402734637057,1301832402734637057,2020-09-04 06:40:06 EDT,2020-09-04,06:40:06,-0400,15917758,wzzm13,13 On Your Side,,VERIFY: How internet trolls use websites like https://t.co/LBEt7pPseX to raise unfounded suspicions https://t.co/oMpaUSpSXW,en,[],"['http://antifa.com?utm_campaign=snd-autopilot', 'https://www.wzzm13.com/mobile/article/news/verify/internet-trolls-link-antifa-biden-websites/507-1b758975-8b9c-409c-abf4-6a30a2f988c8?utm_campaign=snd-autopilot']",[],0,0,0,[],[],https://twitter.com/wzzm13/status/1301832402734637057,,,0,,,,,,,,"{'user_id': None, 'username': None}",,,,
1301736031201435653,1301736031201435653,2020-09-04 00:17:09 EDT,2020-09-04,00:17:09,-0400,9627102,fox61news,FOX61,,"VERIFY: Yes, https://t.co/77Cmckz3Xs redirects to Joe Biden's campaign website, but that doesn't mean the two are affiliated. Here's why https://t.co/dgEjMKmnxB",en,[],"['http://Antifa.com?utm_campaign=snd-autopilot', 'https://www.fox61.com/article/news/verify/do-not-publish-verify-yes-antifacom-redirects-to-joe-bidens-website-but-that-doesnt-necessarily-mean-the-two-are-affiliated/65-faec88dd-4d72-45c4-b355-02d18afa9d43?utm_campaign=snd-autopilot']",[],3,1,1,[],[],https://twitter.com/FOX61News/status/1301736031201435653,,,0,,,,,,,,"{'user_id': None, 'username': None}",,,,
1301718397332455424,1301718397332455424,2020-09-03 23:07:05 EDT,2020-09-03,23:07:05,-0400,17387823,wltx,News 19 WLTX,,VERIFY: How internet trolls use websites like https://t.co/6pTeZUT9qy to raise unfounded suspicions https://t.co/GVHAButpTN,en,[],"['http://antifa.com?utm_campaign=snd-autopilot', 'https://www.wltx.com/article/news/verify/internet-trolls-link-antifa-biden-websites/507-1b758975-8b9c-409c-abf4-6a30a2f988c8?utm_campaign=snd-autopilot']",[],0,1,0,[],[],https://twitter.com/WLTX/status/1301718397332455424,,,0,,,,,,,,"{'user_id': None, 'username': None}",,,,
1301700134489567233,1301700134489567233,2020-09-03 21:54:31 EDT,2020-09-03,21:54:31,-0400,20560162,debunker,David Emery,,"If you can see a blurb for the Biden/Harris campaign website below, that means Twitter has stopped blocking ""spammy"" links to https://t.co/fBPHyanYJ6 (which currently redirects to JoeBiden .com).",en,[],['http://antifa.com'],[],1,0,0,[],[],https://twitter.com/debunker/status/1301700134489567233,,,0,,,,,,,,"{'user_id': None, 'username': None}",,,,
1301699774719184899,1301699774719184899,2020-09-03 21:53:05 EDT,2020-09-03,21:53:05,-0400,15391102,wusa9,WUSA9,,VERIFY: How internet trolls use websites like https://t.co/rb9ggBiKwk to raise unfounded suspicions https://t.co/oIQ1G2XHHe,en,[],"['http://antifa.com?utm_campaign=snd-autopilot', 'https://www.wusa9.com/article/news/verify/internet-trolls-link-antifa-biden-websites/507-1b758975-8b9c-409c-abf4-6a30a2f988c8?utm_campaign=snd-autopilot']",[],0,1,1,[],[],https://twitter.com/wusa9/status/1301699774719184899,,,0,,,,,,,,"{'user_id': None, 'username': None}",,,,
1301694738924527617,1301694738924527617,2020-09-03 21:33:04 EDT,2020-09-03,21:33:04,-0400,23981681,wqad,WQAD,,VERIFY: How internet trolls use websites like https://t.co/s2Z4EXEbtA to raise unfounded suspicions https://t.co/EUgpQpVrZK,en,[],"['http://antifa.com?utm_campaign=snd-autopilot', 'https://www.wqad.com/article/news/verify/internet-trolls-link-antifa-biden-websites/507-1b758975-8b9c-409c-abf4-6a30a2f988c8?utm_campaign=snd-autopilot']",[],0,0,0,[],[],https://twitter.com/wqad/status/1301694738924527617,,,0,,,,,,,,"{'user_id': None, 'username': None}",,,,
1301694009560137728,1301694009560137728,2020-09-03 21:30:10 EDT,2020-09-03,21:30:10,-0400,15391102,wusa9,WUSA9,,"VERIFY: Yes, https://t.co/xUkO9ls3cU redirects to Joe Biden's campaign website, but that doesn't mean the two are affiliated. Here's why https://t.co/J1jvBWb3Y5",en,[],"['http://Antifa.com?utm_campaign=snd-autopilot', 'https://www.wusa9.com/article/news/verify/do-not-publish-verify-yes-antifacom-redirects-to-joe-bidens-website-but-that-doesnt-necessarily-mean-the-two-are-affiliated/65-faec88dd-4d72-45c4-b355-02d18afa9d43?utm_campaign=snd-autopilot']",[],1,1,4,[],[],https://twitter.com/wusa9/status/1301694009560137728,,,0,,,,,,,,"{'user_id': None, 'username': None}",,,,
1301303086741217281,1301299525475168256,2020-09-02 19:36:47 EDT,2020-09-02,19:36:47,-0400,20560162,debunker,David Emery,,Twitter will not let you tweet a link to antifa .com (which is currently redirecting to JoeBiden .com). https://t.co/9bb0HcraZJ,en,[],[],['https://pbs.twimg.com/media/Eg8oQhBUYAAZqqE.png'],0,2,3,[],[],https://twitter.com/debunker/status/1301303086741217281,,,1,https://pbs.twimg.com/media/Eg8oQhBUYAAZqqE.png,,,,,,,"{'user_id': '20560162', 'username': 'debunker'}",,,,
1301299525475168256,1301299525475168256,2020-09-02 19:22:38 EDT,2020-09-02,19:22:38,-0400,20560162,debunker,David Emery,,Looks like Twitter has taken notice of the antifa .com redirect funny business. https://t.co/g9kdMkB7X2,en,[],[],['https://pbs.twimg.com/media/Eg8lA_wVkAA3ljE.png'],1,5,5,[],[],https://twitter.com/debunker/status/1301299525475168256,,,1,https://pbs.twimg.com/media/Eg8lA_wVkAA3ljE.png,,,,,,,"{'user_id': None, 'username': None}",,,,
1301204853587193857,1301204259111874561,2020-09-02 13:06:26 EDT,2020-09-02,13:06:26,-0400,43411847,brackin,Andrew Brackin,,@teddy @JoeBiden @Namecheap How do we get antifa .com shut down or not forwarding?,en,"['teddy', 'joebiden', 'namecheap']",[],[],1,0,1,[],[],https://twitter.com/brackin/status/1301204853587193857,,,0,,,,,,,,"{'user_id': '262837948', 'username': 'teddy'}",,,,
1300913228755722240,1300913228755722240,2020-09-01 17:47:38 EDT,2020-09-01,17:47:38,-0400,138182116,trish_regan,Trish Regan,,This story is being shadow banned on Facebook ‚Äî Please read and get the word out. America deserves an explanation. #TrishIntel  https://t.co/6eVko7KBGJ,en,[],['https://trishintel.com/is-biden-campaign-courting-anarchists-antifa-com-reroutes-to-joebiden-com/'],[],193,2508,3008,['trishintel'],[],https://twitter.com/trish_regan/status/1300913228755722240,,,0,,,,,,,,"{'user_id': None, 'username': None}",,,,
1300828527433056256,1300828527433056256,2020-09-01 12:11:03 EDT,2020-09-01,12:11:03,-0400,19989052,rhowardbrowne,Rodney Howard-Browne,,No question ..... type in https://t.co/InpJSXVqly,en,[],['http://Antifa.com'],[],1,17,30,[],[],https://twitter.com/rhowardbrowne/status/1300828527433056256,,https://twitter.com/zerohedge/status/1300828347010871296,0,,,,,,,,"{'user_id': None, 'username': None}",,,,
1300825338339966976,1300825338339966976,2020-09-01 11:58:23 EDT,2020-09-01,11:58:23,-0400,38827207,marcwrogers,Marc Rogers,,"People claiming antifa. com is https://t.co/F6M6A1ceIm are idiots. First, anyone can point a domain at any other domain. Second if you just take a brief look you‚Äôll see they use different registrars with antifa being a shady anonymous namecheap registration.",en,[],['http://joebiden.com'],[],1,1,3,[],[],https://twitter.com/marcwrogers/status/1300825338339966976,,,0,,,,,,,,"{'user_id': None, 'username': None}",,,,
1300824694241800194,1300824694241800194,2020-09-01 11:55:49 EDT,2020-09-01,11:55:49,-0400,19989052,rhowardbrowne,Rodney Howard-Browne,,"Yes it is, the fact that https://t.co/InpJSXVqly goes to Biden‚Äôs website, it‚Äôs plain to see - open, your eyes America there is a coup underway it started before Potus was elected and continues till today! 

However they will fail !",en,[],['http://Antifa.com'],[],5,19,28,[],[],https://twitter.com/rhowardbrowne/status/1300824694241800194,,https://twitter.com/HillaryClinton/status/1300810762949136384,0,,,,,,,,"{'user_id': None, 'username': None}",,,,
1300788048796487683,1300788048796487683,2020-09-01 09:30:12 EDT,2020-09-01,09:30:12,-0400,138182116,trish_regan,Trish Regan,,"If anyone types https://t.co/YaaTVZjS46 in any browser - you are redirected to https://t.co/rKwHUd6r68 website. 

Why would a presidential candidate allow that ?

Try it yourself. 

Let me know what you think at: https://t.co/RO5kZ6tekh https://t.co/asfc3MCyhs",en,[],"['http://ANTIFA.COM', 'http://JOEBIDEN.COM', 'https://trishintel.com']",[],620,1946,2937,[],[],https://twitter.com/trish_regan/status/1300788048796487683,,,1,https://pbs.twimg.com/ext_tw_video_thumb/1300787085754892290/pu/img/6ZpNbCKtk84BEm6i.jpg,,,,,,,"{'user_id': None, 'username': None}",,,,
1300772299751251969,1300772299751251969,2020-09-01 08:27:38 EDT,2020-09-01,08:27:38,-0400,958408514807967751,newdayfornj,Tricia Flanagan (R-NJ) For U.S. Senate,,"Question for @JoeBiden &amp; @KamalaHarris ‚Äî Why does https://t.co/PdR5ydQZk6 go directly to the Biden/Harris website? ü§î

Americans deserve to know.
Hint:  We already do. https://t.co/yIzXSnQUgF",en,"['joebiden', 'kamalaharris']",['http://Antifa.com'],['https://pbs.twimg.com/media/Eg1Fgw2XkAAnc6T.jpg'],9,35,59,[],[],https://twitter.com/NewDayForNJ/status/1300772299751251969,,,1,https://pbs.twimg.com/media/Eg1Fgw2XkAAnc6T.jpg,,,,,,,"{'user_id': None, 'username': None}",,,,
1300753062471098369,1300753062471098369,2020-09-01 07:11:11 EDT,2020-09-01,07:11:11,-0400,105901883,ericmetaxas,Eric Metaxas,,"If you want to see who is benefiting from Antifa terrorism, looting, arson, and violence, just visit their website, https://t.co/zqIpizjzHd. I DARE YOU. Here's a hint...",en,[],['http://Antifa.com'],[],20,39,96,[],[],https://twitter.com/ericmetaxas/status/1300753062471098369,,,0,,,,,,,,"{'user_id': None, 'username': None}",,,,
1300632919036366852,1300600864420265986,2020-08-31 23:13:47 EDT,2020-08-31,23:13:47,-0400,65284273,janelytv,Jane Lytvynenko,,@josh_emerson oh god are we doing https://t.co/4g8NI2sAO8 again? it's only been like two weeks since the last https://t.co/4g8NI2sAO8 controversy,en,['josh_emerson'],"['http://antifa.com', 'http://antifa.com']",[],0,0,3,[],[],https://twitter.com/JaneLytv/status/1300632919036366852,,,0,,,,,,,,"{'user_id': '36697842', 'username': 'josh_emerson'}",,,,
1300632141261426693,1300632141261426693,2020-08-31 23:10:41 EDT,2020-08-31,23:10:41,-0400,394339171,lidianews,Lidia Curanaj,,Type https://t.co/3Fegk9ztR7 in your web browser and see what happens,en,[],['http://antifa.com'],[],1,0,0,[],[],https://twitter.com/LidiaNews/status/1300632141261426693,,,0,,,,,,,,"{'user_id': None, 'username': None}",,,,
1300600731813187586,1300600731813187586,2020-08-31 21:05:53 EDT,2020-08-31,21:05:53,-0400,282747242,markskrikorian,Mark Krikorian,,"A prankster registered https://t.co/LQw0wcG2vM. (I'm no copyright lawyer, but since Antifa, like the KKK it so closely resembles, has no central office, it doesn't seem like anyone would have legal rights to the domain name!)",en,[],['http://antifa.com'],[],3,2,12,[],[],https://twitter.com/MarkSKrikorian/status/1300600731813187586,,,0,,,,,,,,"{'user_id': None, 'username': None}",,,,
1300596885774712832,1300596885774712832,2020-08-31 20:50:36 EDT,2020-08-31,20:50:36,-0400,292929271,charliekirk11,Charlie Kirk,,Go to https://t.co/zMYl4sIL4R and you will see who is truy supportive of the domestic terrorism campaign slaughtering black people and destroying America.,en,[],['http://ANTIFA.com'],[],408,3336,7314,[],[],https://twitter.com/charliekirk11/status/1300596885774712832,,,0,,,,,,,,"{'user_id': None, 'username': None}",,,,
1300596436250230784,1300596436250230784,2020-08-31 20:48:48 EDT,2020-08-31,20:48:48,-0400,1131058639945359360,watersfor,JamesWatersforCongress,,Here is a big surprise! Try this ASAP and get surprised!!!  Type in https://t.co/YjsmG5cEss get a laugh,en,[],['http://www.antifa.com'],[],0,0,1,[],[],https://twitter.com/watersfor/status/1300596436250230784,,,0,,,,,,,,"{'user_id': None, 'username': None}",,,,
1300584327869325312,1300584327869325312,2020-08-31 20:00:42 EDT,2020-08-31,20:00:42,-0400,1356030014,libertarianblue,Allum Bokhari,,Visit https://t.co/zfsmSgxh0D!,en,[],['http://antifa.com'],[],13,21,57,[],[],https://twitter.com/LibertarianBlue/status/1300584327869325312,,,0,,,,,,,,"{'user_id': None, 'username': None}",,,,
1300540038716022784,1300540038716022784,2020-08-31 17:04:42 EDT,2020-08-31,17:04:42,-0400,461759120,caseymattox_,Casey Mattox,,"Does anyone have a shred of evidence that either antifa or the Biden campaign linked https://t.co/Aj5D4mOz6M to the Biden campaign website? Or is the obvious answer the truth. That someone spent $19.95 to register https://t.co/Aj5D4mOz6M, redirect to Biden, &amp; people are gullible?",en,[],"['http://antifa.com', 'http://antifa.com']",[],1,2,12,[],[],https://twitter.com/CaseyMattox_/status/1300540038716022784,,,0,,,,,,,,"{'user_id': None, 'username': None}",,,,
1300535236954976256,1300535236954976256,2020-08-31 16:45:37 EDT,2020-08-31,16:45:37,-0400,942098814,lasdbrink,Burton Brink for State Assemblyüá∫üá∏,,"The URL https://t.co/DC0INO42Mt automatically redirects to the official campaign website of U.S. Democratic presidential candidate Joe Biden.

Even Snopes confirmed it. 

That should tell you enough right there.
Vote Red!üá∫üá∏
#ElectBurtonBrink
#Brink4Assembly 
#Trump2020 #antifa",en,[],['http://antifa.com'],[],1,4,3,"['electburtonbrink', 'brink4assembly', 'trump2020', 'antifa']",[],https://twitter.com/LASDBrink/status/1300535236954976256,,,0,,,,,,,,"{'user_id': None, 'username': None}",,,,
1300517050822144000,1300517050822144000,2020-08-31 15:33:22 EDT,2020-08-31,15:33:22,-0400,202303356,drewberquist,Drew Berquist,,Still confused on where Joe Biden stands? Just visit https://t.co/AIum7tMp3J ...which takes you right here to Joe Biden and Kam-Kam's page.,en,[],['http://Antifa.com'],[],15,36,60,[],[],https://twitter.com/drewberquist/status/1300517050822144000,,,0,,,,,,,,"{'user_id': None, 'username': None}",,,,
1300516775851888642,1300516775851888642,2020-08-31 15:32:16 EDT,2020-08-31,15:32:16,-0400,24613245,rob_flaherty,Rob Flaherty,,"So whoever owns https://t.co/HgEpqQ9MqZ is redirecting it to our website as a troll. What we do know was that the website was registered with a Russian registrar for a while. Odd!

The VP very obviously has/wants nothing to do with fringe groups. Wish Trump could say the same.",en,[],['http://www.antifa.com'],[],139,802,2392,[],[],https://twitter.com/Rob_Flaherty/status/1300516775851888642,,,0,,,,,,,,"{'user_id': None, 'username': None}",,,,
1300454494468268036,1300454494468268036,2020-08-31 11:24:47 EDT,2020-08-31,11:24:47,-0400,76723690,tankcarder,Tank Carder,,Type Antifa .com in your search engine on your phone,en,[],[],[],10,0,14,[],[],https://twitter.com/tankcarder/status/1300454494468268036,,,0,,,,,,,,"{'user_id': None, 'username': None}",,,,
1300424856434024449,1300424856434024449,2020-08-31 09:27:01 EDT,2020-08-31,09:27:01,-0400,29856819,therealkiyosaki,therealkiyosaki,,Go to https://t.co/HUMsZNcljW. Why do Biden/Harris come up?,en,[],['http://Antifa.com'],[],123,272,1020,[],[],https://twitter.com/theRealKiyosaki/status/1300424856434024449,,,0,,,,,,,,"{'user_id': None, 'username': None}",,,,
1300309601884073986,1300309601884073986,2020-08-31 01:49:02 EDT,2020-08-31,01:49:02,-0400,41868331,erikhuberman,Erik Huberman,,"Alright, even though it sure some twitter trolls are about to go nuts, this needs to be said.  For those of you sharing the https://t.co/pwG1dRE6ge piece, please see the two screenshots below.  I respect Ali, but you need to stop falling victim to your confirmation bias... https://t.co/XyBj5vvg9n",en,[],['http://antifa.com'],"['https://pbs.twimg.com/media/EgugsL2U4AEphLI.jpg', 'https://pbs.twimg.com/media/EgugsL4UwAALNDU.jpg']",4,6,25,[],[],https://twitter.com/ErikHuberman/status/1300309601884073986,,,1,https://pbs.twimg.com/media/EgugsL2U4AEphLI.jpg,,,,,,,"{'user_id': None, 'username': None}",,,,
1300184489952342016,1300164706007740416,2020-08-30 17:31:53 EDT,2020-08-30,17:31:53,-0400,2410068528,aubrey_huff,Aubrey Huff,,@JoeBiden Then why does https://t.co/MvpUcx5yGh direct right to your donation campaign page assbag?,en,['joebiden'],['http://antifa.com'],[],243,1218,5298,[],[],https://twitter.com/aubrey_huff/status/1300184489952342016,,,0,,,,,,,,"{'user_id': '939091', 'username': 'JoeBiden'}",,,,
1300183847636815872,1300183847636815872,2020-08-30 17:29:20 EDT,2020-08-30,17:29:20,-0400,19989052,rhowardbrowne,Rodney Howard-Browne,,"Come out of your basement he already did üôÑ

Why does https://t.co/InpJSXVqly go to your campaign website #AskingForAFriend",en,[],['http://Antifa.com'],[],4,14,41,['askingforafriend'],[],https://twitter.com/rhowardbrowne/status/1300183847636815872,,https://twitter.com/JoeBiden/status/1300164706007740416,0,,,,,,,,"{'user_id': None, 'username': None}",,,,
1300145629155348480,1300145629155348480,2020-08-30 14:57:28 EDT,2020-08-30,14:57:28,-0400,2410068528,aubrey_huff,Aubrey Huff,,The piece of shit that killed a @realDonaldTrump supporter was Antifa. Type in https://t.co/MvpUcx5yGh to see who they support. You‚Äôre welcome.,en,['realdonaldtrump'],['http://antifa.com'],[],425,2765,5729,[],[],https://twitter.com/aubrey_huff/status/1300145629155348480,,,0,,,,,,,,"{'user_id': None, 'username': None}",,,,
1300141835235409920,1300111947396857856,2020-08-30 14:42:23 EDT,2020-08-30,14:42:23,-0400,20560162,debunker,David Emery,,"So, Trump supporters are sharing the Antifa .com URL to show that it redirects to JoeBiden .com (as if the latter has anything to do with the redirect), but, interestingly, for a minority of users Antifa .com unfurls in tweets as ItsGoingDown .org instead of JoeBiden .com. https://t.co/zqF0b1pmCs",en,[],[],"['https://pbs.twimg.com/media/EgsH-g9UcAEltnu.png', 'https://pbs.twimg.com/media/EgsIBzeU8AAVpEh.png', 'https://pbs.twimg.com/media/EgsIEBxVkAAnBVc.png', 'https://pbs.twimg.com/media/EgsIGfgVgAAhHsq.png']",0,1,1,[],[],https://twitter.com/debunker/status/1300141835235409920,,,1,https://pbs.twimg.com/media/EgsH-g9UcAEltnu.png,,,,,,,"{'user_id': '20560162', 'username': 'debunker'}",,,,
1300131617952935937,1300131617952935937,2020-08-30 14:01:47 EDT,2020-08-30,14:01:47,-0400,14839147,ericbolling,üá∫üá∏ ERIC BOLLING üá∫üá∏,,"Unless and until @TheDemocrats denounce antifa... they are locked arms with them and by their own definitions, support their tactics.. in this case- murder.

Clicking https://t.co/cBYMcJP8ai directs you to https://t.co/0qdUMwJEDN.",en,['thedemocrats'],"['http://Antifa.com', 'http://JoeBiden.com']",[],90,328,561,[],[],https://twitter.com/ericbolling/status/1300131617952935937,,https://twitter.com/MrAndyNgo/status/1299956667287703553,0,,,,,,,,"{'user_id': None, 'username': None}",,,,
1300125612691075077,1300125612691075077,2020-08-30 13:37:55 EDT,2020-08-30,13:37:55,-0400,14839147,ericbolling,üá∫üá∏ ERIC BOLLING üá∫üá∏,,"If you need to understand the link between murderous Antifa thugs and the democrat party.. look no further.. click the link‚Äî&gt;
https://t.co/cBYMcJP8ai

@realDonaldTrump 
@JoeBiden",en,"['realdonaldtrump', 'joebiden']",['http://Antifa.com'],[],58,430,789,[],[],https://twitter.com/ericbolling/status/1300125612691075077,,https://twitter.com/madisongesiotto/status/1300040326460174337,0,,,,,,,,"{'user_id': None, 'username': None}",,,,
1300111947396857856,1300111947396857856,2020-08-30 12:43:37 EDT,2020-08-30,12:43:37,-0400,20560162,debunker,David Emery,,"Update on Antifa .com redirecting to JoeBiden .com: 

Original redirect (8/12) went straight to Biden site. Since 8/21, Antifa .com has redirected first to KamalaHarris .org, then to JoeBiden .com. (Harris' website was redirected 8/12, the day after she was picked for VP.) https://t.co/oP9J4lIpVH",en,[],[],"['https://pbs.twimg.com/media/EgrrEVAVkAExWYZ.png', 'https://pbs.twimg.com/media/EgrrH4SVkAADoDq.png']",2,2,4,[],[],https://twitter.com/debunker/status/1300111947396857856,,,1,https://pbs.twimg.com/media/EgrrEVAVkAExWYZ.png,,,,,,,"{'user_id': None, 'username': None}",,,,
1300032934833983488,1300032934833983488,2020-08-30 07:29:39 EDT,2020-08-30,07:29:39,-0400,301091257,nickwilliams_98,Nicholas Williams,,So https://t.co/qakOrfTm00 redirects to Joe Biden‚Äôs website? #interesting,en,[],['http://antifa.com'],[],21,28,100,['interesting'],[],https://twitter.com/NickWilliams_98/status/1300032934833983488,,,0,,,,,,,,"{'user_id': None, 'username': None}",,,,
1300026381728968705,1300026381728968705,2020-08-30 07:03:37 EDT,2020-08-30,07:03:37,-0400,57417404,jewishvoice,The Jewish Voice,,ANTIFA is a terrorist organization that supported by Democrats. Try https://t.co/w7Iy9jR2KR you will be surprised where it take you.@realDonaldTrump @JoeBiden @JewishVoice,en,"['realdonaldtrump', 'joebiden', 'jewishvoice']",['http://www.antifa.com'],[],0,5,6,[],[],https://twitter.com/JewishVoice/status/1300026381728968705,,https://twitter.com/realDonaldTrump/status/1300017613377097730,0,,,,,,,,"{'user_id': None, 'username': None}",,,,
1299950767021985792,1299950767021985792,2020-08-30 02:03:09 EDT,2020-08-30,02:03:09,-0400,60211263,renzograciebjj,Renzo_Gracie_BJJ,,Now guys.. Google https://t.co/eaqXkx3kDD and see what it shows üò°üò°üò°üò° https://t.co/wjKU5u0IyB,en,[],['http://Antifa.com'],['https://pbs.twimg.com/media/EgpaUjoWoAA2189.jpg'],6,14,54,[],[],https://twitter.com/RenzoGracieBJJ/status/1299950767021985792,,,1,https://pbs.twimg.com/media/EgpaUjoWoAA2189.jpg,,,,,,,"{'user_id': None, 'username': None}",,,,
1299950700462583811,1299950700462583811,2020-08-30 02:02:53 EDT,2020-08-30,02:02:53,-0400,60211263,renzograciebjj,Renzo_Gracie_BJJ,,Now guys.. Google https://t.co/eaqXkx3kDD and see what it shows üò°üò°üò°üò°... cowards.. bunch of cowards... BLM my a** check what it‚Äôs all about it ü§®ü§®üò°üò°üò°,en,[],['http://Antifa.com'],[],0,2,28,[],[],https://twitter.com/RenzoGracieBJJ/status/1299950700462583811,,,0,,,,,,,,"{'user_id': None, 'username': None}",,,,
1299946233033895936,1299946233033895936,2020-08-30 01:45:08 EDT,2020-08-30,01:45:08,-0400,60211263,renzograciebjj,Renzo_Gracie_BJJ,,Now let‚Äôs cut the BS.... Google https://t.co/eaqXkx3kDD and see what comes up... bunch of cowards who raped everything our country stands for... Biden my A** never.. ever üò°üò°üò° https://t.co/CCLmAv8VwD,en,[],['http://Antifa.com'],['https://pbs.twimg.com/media/EgpWNVGWoAAhlUm.jpg'],4,5,46,[],[],https://twitter.com/RenzoGracieBJJ/status/1299946233033895936,,,1,https://pbs.twimg.com/media/EgpWNVGWoAAhlUm.jpg,,,,,,,"{'user_id': None, 'username': None}",,,,
1299945595956875264,1299945595956875264,2020-08-30 01:42:36 EDT,2020-08-30,01:42:36,-0400,60211263,renzograciebjj,Renzo_Gracie_BJJ,,"Now let‚Äôs cut the BS.... Google https://t.co/eaqXkx3kDD and see what comes up... bunch of cowards who raped everything our country stands for... Biden my A** never.. ever üò°üò°üò°
https://t.co/QyUNHkNVFO",en,[],"['http://Antifa.com', 'https://www.independent.co.uk/news/world/americas/us-election/antifa-website-joe-biden-donald-trump-conspiracy-a9669806.html?amp']",[],0,3,17,[],[],https://twitter.com/RenzoGracieBJJ/status/1299945595956875264,,,0,,,,,,,,"{'user_id': None, 'username': None}",,,,
1299895105562832898,1299895105562832898,2020-08-29 22:21:58 EDT,2020-08-29,22:21:58,-0400,592730371,jackposobiec,Jack Posobiec,,I wonder how many hit that https://t.co/Or3nJ3UeHM link got today,en,[],['http://Antifa.com'],[],77,288,1090,[],[],https://twitter.com/JackPosobiec/status/1299895105562832898,,,0,,,,,,,,"{'user_id': None, 'username': None}",,,,
1299833244649619456,1299587451468607489,2020-08-29 18:16:09 EDT,2020-08-29,18:16:09,-0400,34473728,linneyofficial,Linney,,@GeronimoBPM did you see that someone purchased https://t.co/BaHEFGQdsk and had it routed to @JoeBiden‚Äôs home page #smh ü§¶üèº‚Äç‚ôÄÔ∏è,en,"['geronimobpm', 'joebiden']",['http://www.antifa.com'],[],0,0,0,['smh'],[],https://twitter.com/LinneyOfficial/status/1299833244649619456,,,0,,,,,,,,"{'user_id': '48753944', 'username': 'GeronimoBPM'}",,,,
1299776617527549952,1299776617527549952,2020-08-29 14:31:08 EDT,2020-08-29,14:31:08,-0400,14839147,ericbolling,üá∫üá∏ ERIC BOLLING üá∫üá∏,,"üö®üö® Why does clicking on https://t.co/WVCF4Nq65q direct you to a #JoeBiden donation page? 
Can anyone explain this? 
Is @JoeBiden ok with this? 
Is the Federal Election Commission aware?

Try it-&gt; 
https://t.co/WVCF4Nq65q",en,['joebiden'],"['http://antifa.com', 'http://antifa.com']",[],99,606,903,['joebiden'],[],https://twitter.com/ericbolling/status/1299776617527549952,,,0,,,,,,,,"{'user_id': None, 'username': None}",,,,
1299766486672773125,1299766486672773125,2020-08-29 13:50:53 EDT,2020-08-29,13:50:53,-0400,451613150,tomskeencincy,Thomas Skeen,,Go to https://t.co/nmBKGpOZ1h,en,[],['http://antifa.com'],[],0,1,1,[],[],https://twitter.com/TomSkeencincy/status/1299766486672773125,,,0,,,,,,,,"{'user_id': None, 'username': None}",,,,
1299733006588866560,1299733006588866560,2020-08-29 11:37:51 EDT,2020-08-29,11:37:51,-0400,20560162,debunker,David Emery,,"The antifa .com URL has been redirecting to JoeBiden .com off and on for the past 3 weeks. It's unclear who owns the antifa .com domain name. 
https://t.co/R7N4NxQnx7",en,[],['https://www.snopes.com/fact-check/antifa-redirect-joe-biden-website/'],[],0,1,1,[],[],https://twitter.com/debunker/status/1299733006588866560,,,0,,,,,,,,"{'user_id': None, 'username': None}",,,,
1299687681283313666,1299687681283313666,2020-08-29 08:37:44 EDT,2020-08-29,08:37:44,-0400,19989052,rhowardbrowne,Rodney Howard-Browne,,"Amazing üëÄ look where this takes you ....... to AntifaJoe‚Äôs Website .@JoeBiden 

https://t.co/tw6pId01ED",en,['joebiden'],['http://www.antifa.com'],[],20,67,104,[],[],https://twitter.com/rhowardbrowne/status/1299687681283313666,,,0,,,,,,,,"{'user_id': None, 'username': None}",,,,
1299687564920709128,1299687564920709128,2020-08-29 08:37:17 EDT,2020-08-29,08:37:17,-0400,143169070,carminesabia,Carmine Sabia,,"Go to https://t.co/dDENfLo30t. Go ahead, do it.",en,[],['http://Antifa.com'],[],731,2698,4372,[],[],https://twitter.com/CarmineSabia/status/1299687564920709128,,,0,,,,,,,,"{'user_id': None, 'username': None}",,,,
1299552165120311296,1299552165120311296,2020-08-28 23:39:15 EDT,2020-08-28,23:39:15,-0400,113758288,travisaaronwade,Travis Aaron Wade,"{'type': 'Point', 'coordinates': [38.89769958, -77.03649486]}",ATTENTION ‚ö†Ô∏è Please everyone go to your browser and type in https://t.co/SKeRnfTckv.   Please respond in the comments your thoughts? Can the thedemocrats explain this?! @ The White House https://t.co/uZtdqgaJtp,en,[],"['http://www.antifa.com', 'https://www.instagram.com/p/CEdVw8AJNsB/?igshid=13cod3q8t9prn']",[],0,1,3,[],[],https://twitter.com/TravisAaronWade/status/1299552165120311296,,,0,,,,,,,,"{'user_id': None, 'username': None}",,,,
1299534870453063681,1299534870453063681,2020-08-28 22:30:31 EDT,2020-08-28,22:30:31,-0400,16869718,johnrich,John Rich,,If I was @JoeBiden I‚Äôd be blocking https://t.co/HkeCZ2DFYA from the campaign donation page immediately. Surely to goodness they will.,en,['joebiden'],['http://Antifa.com'],[],20,61,263,[],[],https://twitter.com/johnrich/status/1299534870453063681,,,0,,,,,,,,"{'user_id': None, 'username': None}",,,,
1299520898404356097,1299520898404356097,2020-08-28 21:35:00 EDT,2020-08-28,21:35:00,-0400,16869718,johnrich,John Rich,,Hey @JoeBiden why is https://t.co/HkeCZ2DFYA a direct link to your donation page? #CmonMan,en,['joebiden'],['http://Antifa.com'],[],347,2971,6175,['cmonman'],[],https://twitter.com/johnrich/status/1299520898404356097,,,0,,,,,,,,"{'user_id': None, 'username': None}",,,,
1299486350408908803,1299486350408908803,2020-08-28 19:17:43 EDT,2020-08-28,19:17:43,-0400,281594181,perkinsrrp,Chris Perkins,,"If you type https://t.co/M1MJEkuk8J into your browser, it takes you to Joe Biden's Presidential website",en,[],['http://antifa.com'],[],0,0,10,[],[],https://twitter.com/PerkinsRRP/status/1299486350408908803,,,0,,,,,,,,"{'user_id': None, 'username': None}",,,,
1299161815893512192,1299161815893512192,2020-08-27 21:48:08 EDT,2020-08-27,21:48:08,-0400,20744553,danmarrieskold,Dan Marries,,"Right now, https://t.co/4rL38nHhRd redirects to https://t.co/CDvzwm9dKW. @ADL says, some #antifa use their fists, other violent tactics include throwing bricks, crowbars, metal chains, water bottles, and balloons filled with urine and feces. #JoeBiden @snopes https://t.co/yhI0OiWOZI",en,"['adl', 'snopes']","['http://www.antifa.com', 'http://www.joebiden.com']",[],2,0,5,"['antifa', 'joebiden']",[],https://twitter.com/DanMarriesKOLD/status/1299161815893512192,,,1,https://pbs.twimg.com/ext_tw_video_thumb/1299161751800348672/pu/img/uz7rvU-WazBO1Jwd.jpg,,,,,,,"{'user_id': None, 'username': None}",,,,
1298464251925823490,1298464251925823490,2020-08-25 23:36:16 EDT,2020-08-25,23:36:16,-0400,20744553,danmarrieskold,Dan Marries,,"https://t.co/4rL38nHhRd, redirects you to https://t.co/o0HFk2awD9. @ADL says many civil rights organizations have deemed #ANTIFA as ‚Äúdangerous and counterproductive‚Äù for its use or endorsement of intimidation and violence. https://t.co/8dlSmZXfZi #JoeBiden https://t.co/fcHyPl2R1c",en,['adl'],"['http://www.antifa.com', 'http://www.JoeBiden.com', 'https://bit.ly/2EF0Dgg']",['https://pbs.twimg.com/media/EgUSKPBUEAUihkC.jpg'],2,0,1,"['antifa', 'joebiden']",[],https://twitter.com/DanMarriesKOLD/status/1298464251925823490,,,1,https://pbs.twimg.com/media/EgUSKPBUEAUihkC.jpg,,,,,,,"{'user_id': None, 'username': None}",,,,
1295699601190723585,1295699601190723585,2020-08-18 08:30:32 EDT,2020-08-18,08:30:32,-0400,972651,mashable,Mashable,,Misinformation spreads about Russia connection to https://t.co/RxU3uo1OC1 https://t.co/Z19E0irkH3 https://t.co/zw0ikywSiZ,en,[],"['http://antifa.com', 'https://mashable.com/article/russia-antifa-website-misinformation/?taid=5f3bc9e5f047db0001c9ad79&utm_campaign=trueAnthem%3A+Trending+Content&utm_medium=trueAnthem&utm_source=twitter']",['https://pbs.twimg.com/media/Efs_67XWAAUf5YY.jpg'],1,6,7,[],[],https://twitter.com/mashable/status/1295699601190723585,,,1,https://pbs.twimg.com/media/Efs_67XWAAUf5YY.jpg,,,,,,,"{'user_id': None, 'username': None}",,,,
1295306987832573958,1295306987832573958,2020-08-17 06:30:26 EDT,2020-08-17,06:30:26,-0400,972651,mashable,Mashable,,"No, this doesn't mean that Joe Biden owns https://t.co/RxU3uo1OC1 https://t.co/nNYr0LYame https://t.co/ANLfZyqXrY",en,[],"['http://antifa.com', 'https://mashable.com/article/antifa-joe-biden-trump/?taid=5f3a5c40b2e73d000136acde&utm_campaign=trueAnthem%3A+Trending+Content&utm_medium=trueAnthem&utm_source=twitter']",['https://pbs.twimg.com/media/Efna13AXsAE3M3K.jpg'],1,2,8,[],[],https://twitter.com/mashable/status/1295306987832573958,,,1,https://pbs.twimg.com/media/Efna13AXsAE3M3K.jpg,,,,,,,"{'user_id': None, 'username': None}",,,,
1294831260716675072,1294831260716675072,2020-08-15 23:00:04 EDT,2020-08-15,23:00:04,-0400,112243365,futureshift,FutureShift,,Misinformation spreads about Russia connection to https://t.co/wXqImpohvA https://t.co/YJ97HYzwuj https://t.co/HG69yciG84,en,[],"['http://antifa.com', 'https://mashable.com/article/russia-antifa-website-misinformation/?taid=5f38a130df732d000122a8d2&utm_campaign=trueanthem&utm_medium=trueanthem&utm_source=twitter']",['https://pbs.twimg.com/media/EfgqK4MXkAUv_SZ.jpg'],0,1,3,[],[],https://twitter.com/futureshift/status/1294831260716675072,,,1,https://pbs.twimg.com/media/EfgqK4MXkAUv_SZ.jpg,,,,,,,"{'user_id': None, 'username': None}",,,,
1294823719425146880,1294823719425146880,2020-08-15 22:30:06 EDT,2020-08-15,22:30:06,-0400,972651,mashable,Mashable,,Misinformation spreads about Russia connection to https://t.co/RxU3uo1OC1 https://t.co/ssZyyJAXwd https://t.co/GCIOcbXb0c,en,[],"['http://antifa.com', 'https://mashable.com/article/russia-antifa-website-misinformation/?taid=5f389a29d7d51b00010788af&utm_campaign=trueAnthem%3A+Trending+Content&utm_medium=trueAnthem&utm_source=twitter']",['https://pbs.twimg.com/media/EfgjT54XoAEufxx.jpg'],4,5,8,[],[],https://twitter.com/mashable/status/1294823719425146880,,,1,https://pbs.twimg.com/media/EfgjT54XoAEufxx.jpg,,,,,,,"{'user_id': None, 'username': None}",,,,
1294468865540476929,1294468865540476929,2020-08-14 23:00:02 EDT,2020-08-14,23:00:02,-0400,112243365,futureshift,FutureShift,,"No, this doesn't mean that Joe Biden owns https://t.co/wXqImpohvA https://t.co/dkVMnWCWES https://t.co/GxQaOzEuJd",en,[],"['http://antifa.com', 'https://mashable.com/article/antifa-joe-biden-trump/?taid=5f374fb166390400019c9e73&utm_campaign=trueanthem&utm_medium=trueanthem&utm_source=twitter']",['https://pbs.twimg.com/media/Efbgkt7WoAAO7Qz.jpg'],0,1,2,[],[],https://twitter.com/futureshift/status/1294468865540476929,,,1,https://pbs.twimg.com/media/Efbgkt7WoAAO7Qz.jpg,,,,,,,"{'user_id': None, 'username': None}",,,,
1294461385313783808,1294461385313783808,2020-08-14 22:30:18 EDT,2020-08-14,22:30:18,-0400,972651,mashable,Mashable,,"No, this doesn't mean that Joe Biden owns https://t.co/RxU3uo1OC1 https://t.co/sDGewsZok1 https://t.co/cNN2rcrCBU",en,[],"['http://antifa.com', 'https://mashable.com/article/antifa-joe-biden-trump/?taid=5f3748b9df732d00014d97cb&utm_campaign=trueAnthem%3A+Trending+Content&utm_medium=trueAnthem&utm_source=twitter']",['https://pbs.twimg.com/media/EfbZxTUWkAAcolN.jpg'],4,3,4,[],[],https://twitter.com/mashable/status/1294461385313783808,,,1,https://pbs.twimg.com/media/EfbZxTUWkAAcolN.jpg,,,,,,,"{'user_id': None, 'username': None}",,,,
1293922335427366912,1293922335427366912,2020-08-13 10:48:19 EDT,2020-08-13,10:48:19,-0400,17013378,luciaguimaraes,L√∫cia Guimar√£es (m√°scaras salvam vidas),,O dom√≠nio https://t.co/Ob1tmrGXy8 foi registrado na R√∫ssia desde 2013 e transferido para o Panama no ano passado.,pt,[],['http://antifa.com'],[],1,0,4,[],[],https://twitter.com/luciaguimaraes/status/1293922335427366912,,https://twitter.com/propornot/status/1293790246891470848,0,,,,,,,,"{'user_id': None, 'username': None}",,,,
1293921642159190016,1293921642159190016,2020-08-13 10:45:34 EDT,2020-08-13,10:45:34,-0400,975731,craigsilverman,Craig Silverman,,"Wait, is this whole story and its claim about a link to Russia solely based on the fact that whoever first registered https://t.co/gWkzvrn4Kl used a Russian domain prviacy service? That‚Äôs it?! Come on, don't do this.

https://t.co/zQfkS2oh9F",en,[],"['http://antifa.com', 'https://news.yahoo.com/atifa-website-one-america-chanel-rion-russia-004727528.html']",[],12,148,302,[],[],https://twitter.com/CraigSilverman/status/1293921642159190016,,,0,,,,,,,,"{'user_id': None, 'username': None}",,,,
1293899327908319232,1293882777922940929,2020-08-13 09:16:53 EDT,2020-08-13,09:16:53,-0400,33018977,prairielaura,Laura Lorson,,"@TheRickWilson My favorite part of this is the gormless doofs who think a shadowy irregular terrorist army possessed of skill &amp; deadly cunning would definitely use ""https://t.co/iO4F6ONNQQ"" (!) as its *website* (!) because that is definitely crafty as hell #crazylikeafox #merch #vietcongdotbiz",en,['therickwilson'],['http://antifa.com'],[],5,3,48,"['crazylikeafox', 'merch', 'vietcongdotbiz']",[],https://twitter.com/prairielaura/status/1293899327908319232,,,0,,,,,,,,"{'user_id': '19084896', 'username': 'TheRickWilson'}",,,,
1293869900973445120,1293869900973445120,2020-08-13 07:19:57 EDT,2020-08-13,07:19:57,-0400,256693327,taraservatius,Tara Servatius,,"IN CASE YOU HAD ANY DOUBT WHO ANTIFA WORKS FOR when they're not burning down cities and violently assaulting people they disagree with, here you go ... from a MSM source, no less. https://t.co/RTGzTo6iUP",en,[],['https://news.yahoo.com/antifa-com-redirects-joebiden-com-004722410.html'],[],4,18,32,[],[],https://twitter.com/TaraServatius/status/1293869900973445120,,,0,,,,,,,,"{'user_id': None, 'username': None}",,,,
1293793784065454080,1293793784065454080,2020-08-13 02:17:30 EDT,2020-08-13,02:17:30,-0400,17833574,halsparks,Hal Sparks,,"Records for ‚Äúhttps://t.co/dWjB4hk90t‚Äù in the domain name database https://t.co/Mo4Rm2tvcf show the site was registered in the Russian Federation from 2013 through last July. Starting last November, the site‚Äôs registration was moved to Panama.",en,[],"['http://antifa.com', 'http://Whoisology.com']",[],1,25,51,[],[],https://twitter.com/HalSparks/status/1293793784065454080,,https://twitter.com/bonnoman/status/1293780168788463627,0,,,,,,,,"{'user_id': None, 'username': None}",,,,
1293788995483303936,1293656704966508544,2020-08-13 01:58:28 EDT,2020-08-13,01:58:28,-0400,26969381,marklenkennedy,Marklen Kennedy,,@EricTrump Apparently on https://t.co/d2Acj35UfA ü§∑‚Äç‚ôÇÔ∏è,en,['erictrump'],['http://Antifa.com'],[],0,0,0,[],[],https://twitter.com/MarklenKennedy/status/1293788995483303936,,,0,,,,,,,,"{'user_id': '39349894', 'username': 'EricTrump'}",,,,
1293721442329210880,1293721442329210880,2020-08-12 21:30:02 EDT,2020-08-12,21:30:02,-0400,972651,mashable,Mashable,,"No, of course Joe Biden doesn‚Äôt own https://t.co/RxU3uo1OC1 https://t.co/ULEMbIIH92 https://t.co/2k87rCrZBp",en,[],"['http://antifa.com', 'https://mashable.com/article/antifa-joe-biden-trump/?taid=5f349799d7d51b0001635ee0&utm_campaign=trueAnthem%3A+Trending+Content&utm_medium=trueAnthem&utm_source=twitter']",['https://pbs.twimg.com/media/EfQ4y9yX0AAFxdk.jpg'],4,2,8,[],[],https://twitter.com/mashable/status/1293721442329210880,,,1,https://pbs.twimg.com/media/EfQ4y9yX0AAFxdk.jpg,,,,,,,"{'user_id': None, 'username': None}",,,,
1293714700988026881,1293714700988026881,2020-08-12 21:03:15 EDT,2020-08-12,21:03:15,-0400,972651,mashable,Mashable,,Here‚Äôs what we know so far about https://t.co/RxU3uo1OC1 and its ownership. https://t.co/Fv3wnIoSTK,en,[],"['http://antifa.com', 'https://trib.al/jAXNyYb']",[],2,4,12,[],[],https://twitter.com/mashable/status/1293714700988026881,,,0,,,,,,,,"{'user_id': None, 'username': None}",,,,
1293714422532386817,1293714422532386817,2020-08-12 21:02:09 EDT,2020-08-12,21:02:09,-0400,112243365,futureshift,FutureShift,,Here‚Äôs what we know so far about https://t.co/wXqImpohvA and its ownership https://t.co/v3RjyvTq4P,en,[],"['http://antifa.com', 'https://trib.al/TFT7Bl7']",[],1,1,3,[],[],https://twitter.com/futureshift/status/1293714422532386817,,,0,,,,,,,,"{'user_id': None, 'username': None}",,,,
1293713901662752768,1293713901662752768,2020-08-12 21:00:04 EDT,2020-08-12,21:00:04,-0400,112243365,futureshift,FutureShift,,"No, of course Joe Biden doesn‚Äôt own https://t.co/wXqImpohvA https://t.co/VAXoCZJSGx https://t.co/Dm7o0sj1ee",en,[],"['http://antifa.com', 'https://mashable.com/article/antifa-joe-biden-trump/?taid=5f34909366390400014f45cb&utm_campaign=trueanthem&utm_medium=trueanthem&utm_source=twitter']",['https://pbs.twimg.com/media/EfQx8BhXgAAvd4r.jpg'],0,0,3,[],[],https://twitter.com/futureshift/status/1293713901662752768,,,1,https://pbs.twimg.com/media/EfQx8BhXgAAvd4r.jpg,,,,,,,"{'user_id': None, 'username': None}",,,,
1293712786242121730,1293712786242121730,2020-08-12 20:55:38 EDT,2020-08-12,20:55:38,-0400,14931637,mattbinder,Matt Binder,,"here's everything we know so far about the https://t.co/ImVGYobMqB  / Joe Biden ""connection"" that has pro-Trump websites and #MAGA twitter talking today https://t.co/mVwglOGCKa",en,[],"['http://antifa.com', 'https://mashable.com/article/antifa-joe-biden-trump/']",[],1,0,12,['maga'],[],https://twitter.com/MattBinder/status/1293712786242121730,,,0,,,,,,,,"{'user_id': None, 'username': None}",,,,
1293696226920214528,1293696226920214528,2020-08-12 19:49:50 EDT,2020-08-12,19:49:50,-0400,71036272,iwv,Independent Women's Voice,,President Trump was asked about https://t.co/hWALOC1HWV redirecting to https://t.co/Wq9xvpljzB https://t.co/ejezMVMxaV,en,[],"['http://antifa.com', 'http://joebiden.com', 'https://twitter.com/KarluskaP/status/1293679505995857922/video/1']",[],2,6,15,[],[],https://twitter.com/IWV/status/1293696226920214528,,,0,,,,,,,,"{'user_id': None, 'username': None}",,,,
1293691759302602754,1293639077762408449,2020-08-12 19:32:05 EDT,2020-08-12,19:32:05,-0400,1266445093663199233,timuywa,Tim Uy üá∫üá∏üå≤üöÄ,,@C8red8r Seems https://t.co/lSDVnwjmh1 no longer goes to https://t.co/eYv7y2nJTs https://t.co/DWwNqwziU4,en,['c8red8r'],"['http://antifa.com', 'http://joebiden.com']",['https://pbs.twimg.com/media/EfQdulMU0AApn0J.jpg'],0,0,1,[],[],https://twitter.com/TimUyWA/status/1293691759302602754,,,1,https://pbs.twimg.com/media/EfQdulMU0AApn0J.jpg,,,,,,,"{'user_id': '1266445093663199233', 'username': 'TimUyWA'}",,,,
1293687029201399810,1293687029201399810,2020-08-12 19:13:17 EDT,2020-08-12,19:13:17,-0400,287993271,aubreyhirsch,Aubrey Hirsch,,Can't wait until we find out that https://t.co/4lFqiSDTpq was also registered to Ben Shapiro.,en,[],['http://antifa.com'],[],4,1,33,[],[],https://twitter.com/aubreyhirsch/status/1293687029201399810,,,0,,,,,,,,"{'user_id': None, 'username': None}",,,,
1293686275824848896,1293686275824848896,2020-08-12 19:10:18 EDT,2020-08-12,19:10:18,-0400,592730371,jackposobiec,Jack Posobiec,,"This appears to be the account behind Antifa .com 

-&gt; @AntifaWebsite",en,['antifawebsite'],[],[],55,336,600,[],[],https://twitter.com/JackPosobiec/status/1293686275824848896,,,0,,,,,,,,"{'user_id': None, 'username': None}",,,,
1293682190597971968,1293680388968153089,2020-08-12 18:54:04 EDT,2020-08-12,18:54:04,-0400,53517943,sanchezdelreal,V√≠ctorS√°nchezdelReal,,"Si hab√©is llegado tarde, aqu√≠ la explicaci√≥n.  A√∫n durante el d√≠a se hoy https://t.co/nWHnEK0K7c redirig√≠a a la web de JoeBiden.  ( de hecho mirad que a√∫n pone la imagen de cach√© en mi propio tuit). Fuente https://t.co/UM83int7Ja",es,[],"['http://antifa.com', 'https://twitter.com/chanelrion/status/1293680384539074561?s=21']",[],3,70,135,[],[],https://twitter.com/sanchezdelreal/status/1293682190597971968,,https://twitter.com/chanelrion/status/1293680384539074561?s=21,0,,,,,,,,"{'user_id': '53517943', 'username': 'sanchezdelreal'}",,,,
1293680388968153089,1293680388968153089,2020-08-12 18:46:54 EDT,2020-08-12,18:46:54,-0400,53517943,sanchezdelreal,V√≠ctorS√°nchezdelReal,,"üî¥üî¥üî¥

No esperes. 

Haz el siguiente experimento. 

Teclea https://t.co/nWHnEK0K7c en tu navegador.  

Y luego cu√©ntanos a d√≥nde te lleva.  

Las cosas claras.",es,[],['http://antifa.com'],[],54,189,452,[],[],https://twitter.com/sanchezdelreal/status/1293680388968153089,,,0,,,,,,,,"{'user_id': None, 'username': None}",,,,
1293680384539074561,1293668788634882048,2020-08-12 18:46:53 EDT,2020-08-12,18:46:53,-0400,2438831503,chanelrion,Chanel Rion OAN,,".@oann Q on whether Biden/Harris and the Democrat Party should publicly denounce ANTIFA as a domestic terrorist group:

(https://t.co/lQuv2q94i7 was directing browsers to Biden campaign website earlier that day, see image)

POTUS: I think they should... I think they‚Äôre afraid to.",en,['oann'],['http://antifa.com'],[],234,728,1497,[],[],https://twitter.com/ChanelRion/status/1293680384539074561,,,0,,,,,,,,"{'user_id': '2438831503', 'username': 'ChanelRion'}",,,,
1293680285884788737,1293680285884788737,2020-08-12 18:46:30 EDT,2020-08-12,18:46:30,-0400,450921524,erickfernandez,Erick Fernandez,,"Lmao this brain-worm filled question regarding ""https://t.co/koI1EHTQQK"" from OAN.

There are tens of millions of people unemployed right now, many facing eviction or other insecurities.

He can't stop talking about Antifa. https://t.co/Cwdqh8lz8n",en,[],['http://Antifa.com'],[],4,3,5,[],[],https://twitter.com/ErickFernandez/status/1293680285884788737,,,1,https://pbs.twimg.com/ext_tw_video_thumb/1293679768798453760/pu/img/PPPVHhJprBdxFPnz.jpg,,,,,,,"{'user_id': None, 'username': None}",,,,
1293679738289102848,1293678683148783616,2020-08-12 18:44:19 EDT,2020-08-12,18:44:19,-0400,1886919373,howardsteele5,Howard Steele,,@Barnes_Law Is that why #HarrisBiden2020 has https://t.co/vqNxBQ8noz redirecting to their website?,en,['barnes_law'],['http://antifa.com'],[],0,0,1,['harrisbiden2020'],[],https://twitter.com/HowardSteele5/status/1293679738289102848,,,0,,,,,,,,"{'user_id': '2301990517', 'username': 'Barnes_Law'}",,,,
1293678875931598848,1293678641906425856,2020-08-12 18:40:54 EDT,2020-08-12,18:40:54,-0400,1163618839,andrewsolender,Andrew Solender,,"That said, when you post https://t.co/m2RNaYrizE it gives you a *preview* for Biden's website. But it's a dead link.",en,[],['http://Antifa.com'],[],21,5,62,[],[],https://twitter.com/AndrewSolender/status/1293678875931598848,,,0,,,,,,,,"{'user_id': '1163618839', 'username': 'AndrewSolender'}",,,,
1293678641906425856,1293678641906425856,2020-08-12 18:39:58 EDT,2020-08-12,18:39:58,-0400,1163618839,andrewsolender,Andrew Solender,,"OANN reporter Chanel Rion claims, in a question to Trump, that when you go to https://t.co/m2RNaYITYe it takes you to Joe Biden's website.

This is what happens: https://t.co/CflfONdXBU",en,[],['http://Antifa.com'],['https://pbs.twimg.com/media/EfQR20RXkAM0BMN.jpg'],73,56,231,[],[],https://twitter.com/AndrewSolender/status/1293678641906425856,,,1,https://pbs.twimg.com/media/EfQR20RXkAM0BMN.jpg,,,,,,,"{'user_id': None, 'username': None}",,,,
1293678455263858688,1293678455263858688,2020-08-12 18:39:13 EDT,2020-08-12,18:39:13,-0400,455684839,briantylercohen,Brian Tyler Cohen,,"LMAO... OANN says that if you ""Google https://t.co/yg5PYZUBQe, it brings you to Joe Biden's website,"" and then claims ""we don't know who did that,"" before using it as a segue to lead Trump into some of the usual bullshit fear mongering.

SCANDAL!",en,[],['http://antifa.com'],[],30,66,262,[],[],https://twitter.com/briantylercohen/status/1293678455263858688,,,0,,,,,,,,"{'user_id': None, 'username': None}",,,,
1293678447391174657,1293678447391174657,2020-08-12 18:39:11 EDT,2020-08-12,18:39:11,-0400,23359769,davidwohl,David Wohl,,https://t.co/ay2ipHqCt8. Say no more.,en,[],['http://AntiFa.com'],[],11,12,29,[],[],https://twitter.com/DavidWohl/status/1293678447391174657,,,0,,,,,,,,"{'user_id': None, 'username': None}",,,,
1293676240663195649,1293676240663195649,2020-08-12 18:30:25 EDT,2020-08-12,18:30:25,-0400,992623688028774400,manny_alicandro,Manny Alicandro,,"This is insane. Click on this link:

https://t.co/epDSSvTNxu

And it takes you to the Biden/Harris campaign website...",en,[],['https://www.antifa.com/'],[],2,0,0,[],[],https://twitter.com/Manny_Alicandro/status/1293676240663195649,,,0,,,,,,,,"{'user_id': None, 'username': None}",,,,
1293673665670926338,1293673665670926338,2020-08-12 18:20:11 EDT,2020-08-12,18:20:11,-0400,71036272,iwv,Independent Women's Voice,,"https://t.co/mkGn43NpT7 üëá redirects to JoeBiden(dot)com 

ü§î",en,[],['http://Antifa.com'],[],7,17,19,[],[],https://twitter.com/IWV/status/1293673665670926338,,,0,,,,,,,,"{'user_id': None, 'username': None}",,,,
1293670144875601920,1293670144875601920,2020-08-12 18:06:12 EDT,2020-08-12,18:06:12,-0400,832978972602429440,grahamallen_1,Graham Allen,,"BREAKING:

Everyone go to https://t.co/yWWh5sPVak  RIGHT NOW!!! 

ALL OF AMERICA MEEDS TO SEE THIS!!!

RT!",en,[],['http://ANTIFA.com'],[],1120,2529,4076,[],[],https://twitter.com/GrahamAllen_1/status/1293670144875601920,,,0,,,,,,,,"{'user_id': None, 'username': None}",,,,
1293669094407860224,1293669094407860224,2020-08-12 18:02:01 EDT,2020-08-12,18:02:01,-0400,13396002,thejimjams,James Hirsen,,Fitting: https://t.co/83SJfnAhyS redirects to Joe https://t.co/0U6lRsPmRr,en,[],"['http://antifa.com', 'http://Biden.com']",[],1,4,4,[],[],https://twitter.com/thejimjams/status/1293669094407860224,,,0,,,,,,,,"{'user_id': None, 'username': None}",,,,
1293668936689614854,1293668936689614854,2020-08-12 18:01:24 EDT,2020-08-12,18:01:24,-0400,39151934,im_pulse,Idrees Ahmad,,"Investigative journalism Maga-style. Dude just busted Biden, who was hiding his Antifa essence by cleverly concealing it at https://t.co/hyh35A67nX. Behind the Guy Fawkes masks, it was always Joe Biden.",en,[],['http://Antifa.com'],[],8,4,44,[],[],https://twitter.com/im_PULSE/status/1293668936689614854,,https://twitter.com/21WIRE/status/1293657350235131904,0,,,,,,,,"{'user_id': None, 'username': None}",,,,
1293668311868174336,1293668311868174336,2020-08-12 17:58:55 EDT,2020-08-12,17:58:55,-0400,13396002,thejimjams,James Hirsen,,Democrats purchase https://t.co/xOmca59ADY domain‚Ä¶  https://t.co/9lkWXRD9A2,en,[],"['http://Antifa.com', 'https://www.citizenfreepress.com/breaking/democrats-purchase-antifa-com-domain/']",[],0,2,3,[],[],https://twitter.com/thejimjams/status/1293668311868174336,,,0,,,,,,,,"{'user_id': None, 'username': None}",,,,
1293666274803765248,1293654631059316736,2020-08-12 17:50:49 EDT,2020-08-12,17:50:49,-0400,26969381,marklenkennedy,Marklen Kennedy,,@8NewsNow https://t.co/d2Acj2OiR0,und,['8newsnow'],['http://Antifa.com'],[],0,0,2,[],[],https://twitter.com/MarklenKennedy/status/1293666274803765248,,,0,,,,,,,,"{'user_id': '15593696', 'username': '8NewsNow'}",,,,
1293666151138902017,1293647523517792256,2020-08-12 17:50:20 EDT,2020-08-12,17:50:20,-0400,26969381,marklenkennedy,Marklen Kennedy,,@cjtruth https://t.co/d2Acj2OiR0,und,['cjtruth'],['http://Antifa.com'],[],0,0,0,[],[],https://twitter.com/MarklenKennedy/status/1293666151138902017,,,0,,,,,,,,"{'user_id': '49023129', 'username': 'cjtruth'}",,,,
1293663977503969280,1293663977503969280,2020-08-12 17:41:42 EDT,2020-08-12,17:41:42,-0400,3981225735,trumpstudents,Students For Trump,,https://t.co/atrSpS1tCP has been portforwarded to Joe Biden and Kamala Harris‚Äôs campaign page... https://t.co/UYdndlK4Ck,en,[],['http://ANTIFA.com'],['https://pbs.twimg.com/media/EfQEhf0XsAIRZ4N.jpg'],12,84,182,[],[],https://twitter.com/TrumpStudents/status/1293663977503969280,,,1,https://pbs.twimg.com/media/EfQEhf0XsAIRZ4N.jpg,,,,,,,"{'user_id': None, 'username': None}",,,,
1293662792088723456,1293662792088723456,2020-08-12 17:36:59 EDT,2020-08-12,17:36:59,-0400,166751745,ryanafournier,Ryan Fournier,,"Oh my God...

https://t.co/SVbzKUNl8A goes to Joe Biden‚Äôs website ü§£ü§£",en,[],['http://Antifa.com'],[],568,3811,8315,[],[],https://twitter.com/RyanAFournier/status/1293662792088723456,,,0,,,,,,,,"{'user_id': None, 'username': None}",,,,
1293660453881761794,1293660453881761794,2020-08-12 17:27:41 EDT,2020-08-12,17:27:41,-0400,18822612,amykremer,Amy Kremer,,"No surprise! 

https://t.co/etX33Q7Q6k redirects to https://t.co/4MJhak3JNP",en,[],"['http://ANTIFA.com', 'http://JoeBiden.com']",[],6,9,20,[],[],https://twitter.com/AmyKremer/status/1293660453881761794,,,0,,,,,,,,"{'user_id': None, 'username': None}",,,,
1293659938166910976,1293659938166910976,2020-08-12 17:25:38 EDT,2020-08-12,17:25:38,-0400,1160966393044639744,jessimelt,American Jessi,,If you go to https://t.co/zmxwZS6eej - it takes you straight to joe Biden‚Äôs page.,en,[],['http://Antifa.com'],[],36,150,208,[],[],https://twitter.com/jessimelt/status/1293659938166910976,,,0,,,,,,,,"{'user_id': None, 'username': None}",,,,
1293658062620950543,1293658062620950543,2020-08-12 17:18:11 EDT,2020-08-12,17:18:11,-0400,236498138,hammerandnigel,Hammer and Nigel,,"Right now, if you go to https://t.co/despOTzlD3, it takes you directly to Joe Biden's website.",en,[],['http://www.antifa.com'],[],6,13,32,[],[],https://twitter.com/hammerandnigel/status/1293658062620950543,,,0,,,,,,,,"{'user_id': None, 'username': None}",,,,
1293657528048459776,1293657216940154881,2020-08-12 17:16:04 EDT,2020-08-12,17:16:04,-0400,1886919373,howardsteele5,Howard Steele,,@JasonMillerinDC Spot on-why #HarrisBiden2020 has https://t.co/vqNxBQ8noz redirecting to the Campaign website!,en,['jasonmillerindc'],['http://antifa.com'],[],8,29,22,['harrisbiden2020'],[],https://twitter.com/HowardSteele5/status/1293657528048459776,,,0,,,,,,,,"{'user_id': '1084375028', 'username': 'JasonMillerinDC'}",,,,
1293657350235131904,1293657350235131904,2020-08-12 17:15:21 EDT,2020-08-12,17:15:21,-0400,16936686,21wire,Patrick Henningsen,,"Type in your browser https://t.co/sVzqnPQo5n, and note that it redirects you here to https://t.co/yuiAvwN848...

Try it. 

Does anyone else find that a little weird? 

What's up with that? 

#BidenHarris2020 #Antifa #Biden #Portland",en,[],"['http://www.antifa.com', 'http://www.JoeBiden.com']",[],40,75,125,"['bidenharris2020', 'antifa', 'biden', 'portland']",[],https://twitter.com/21WIRE/status/1293657350235131904,,,0,,,,,,,,"{'user_id': None, 'username': None}",,,,
1293656010972962816,1293656010972962816,2020-08-12 17:10:02 EDT,2020-08-12,17:10:02,-0400,48352979,coachzachsmith,Zach Smith,,"Alright man... who did this shit???  

https://t.co/21DkWuuro6 redirects to Biden‚Äôs website??

I laughed, I will admit.  Then I got pissed that both sides are playing these childish games and because they are... a bunch of great people just lost their seasons. https://t.co/wyT0TqIe8e",en,[],['http://Antifa.com'],[],6,5,31,[],[],https://twitter.com/CoachZachSmith/status/1293656010972962816,,,1,https://pbs.twimg.com/ext_tw_video_thumb/1293655973362642944/pu/img/zeGsbrqIi8rav_ZP.jpg,,,,,,,"{'user_id': None, 'username': None}",,,,
1293655935039102976,1293655935039102976,2020-08-12 17:09:44 EDT,2020-08-12,17:09:44,-0400,108155579,professorf,Nick Flor-ProfessorF,,"LOL, checkout where https://t.co/QnYkDAKaK6 redirects to: 

https://t.co/09VpKboTje

No joke. Try it.

@TheFive #TheFive cover this!",en,['thefive'],"['http://Antifa.com', 'http://JoeBiden.com']",[],5,5,11,['thefive'],[],https://twitter.com/ProfessorF/status/1293655935039102976,,,0,,,,,,,,"{'user_id': None, 'username': None}",,,,
1293652516450840577,1293652516450840577,2020-08-12 16:56:09 EDT,2020-08-12,16:56:09,-0400,21986885,markmeckler,Mark Meckler,,Now this is INSANE.  And serious.  Type https://t.co/jBAP4lOKLF into your Browser and you get the Biden/Harris campaign.  This is a gift for the Trump team.,en,[],['http://antifa.com'],[],0,1,6,[],[],https://twitter.com/MarkMeckler/status/1293652516450840577,,https://twitter.com/DrKarlynB/status/1293642309897203712,0,,,,,,,,"{'user_id': None, 'username': None}",,,,
1293651865377427456,1293651865377427456,2020-08-12 16:53:34 EDT,2020-08-12,16:53:34,-0400,862493306382626818,kylekashuv,Kyle Kashuv,,"Everyone go type in https://t.co/jsKt6PmN9F in your browser. Trust me. It will not disappoint. 

h/t: @MatthewFoldi",en,['matthewfoldi'],['http://www.ANTIFA.com'],[],75,154,694,[],[],https://twitter.com/KyleKashuv/status/1293651865377427456,,,0,,,,,,,,"{'user_id': None, 'username': None}",,,,
1293650085595709441,1293650085595709441,2020-08-12 16:46:29 EDT,2020-08-12,16:46:29,-0400,3315650867,tonydleonardi,Anthony Leonardi,,"If you type in https://t.co/JHmmL4T116, you‚Äôre redirected to the Biden-Harris campaign website.",en,[],['http://antifa.com'],[],1,4,5,[],[],https://twitter.com/TonyDLeonardi/status/1293650085595709441,,,0,,,,,,,,"{'user_id': None, 'username': None}",,,,
1293648980006625295,1293648980006625295,2020-08-12 16:42:06 EDT,2020-08-12,16:42:06,-0400,845689249,heckyessica,Jessica O‚ÄôDonnell,,"Nadler says Antifa is a myth. So why does typing ""https://t.co/WhMIqqcajc"" take you to Joe Biden's campaign site?",en,[],['http://antifa.com'],[],46,115,391,[],[],https://twitter.com/heckyessica/status/1293648980006625295,,,0,,,,,,,,"{'user_id': None, 'username': None}",,,,
1293648226323660800,1293648226323660800,2020-08-12 16:39:06 EDT,2020-08-12,16:39:06,-0400,417971466,mikestockmusic,Mike Stock,,"Just to really see where it‚Äôs at. In your search engine type, https://t.co/DWk1lbY1zr    They‚Äôre blatant,they don‚Äôt care. Learn who it is you are funding.",en,[],['http://antifa.com'],[],1,7,16,[],[],https://twitter.com/mikestockmusic/status/1293648226323660800,,,0,,,,,,,,"{'user_id': None, 'username': None}",,,,
1293648203741638662,1293648203741638662,2020-08-12 16:39:01 EDT,2020-08-12,16:39:01,-0400,2611940521,frankeljeremy,Jeremy Frankel,,"Type into your search bar https://t.co/0LnyvzYH3j and look where it sends you.

I'm actually surprised.",en,[],['http://Antifa.com'],[],5,8,15,[],[],https://twitter.com/FrankelJeremy/status/1293648203741638662,,,0,,,,,,,,"{'user_id': None, 'username': None}",,,,
1293647779542306816,1293643821931040768,2020-08-12 16:37:20 EDT,2020-08-12,16:37:20,-0400,1886919373,howardsteele5,Howard Steele,,"@KamVTV #HarrisBiden2020 is openly RECRUITING VIOLENT ANTIFA to become Seattle, Portland or San Fran. You can't make this stuff up.  @FoxNews @tedcruz @TuckerCarlson @seanhannity @PressSec @realDonaldTrump @OANN @greggutfeld @DonaldJTrumpJr @JennaEllisEsq  @wsj https://t.co/vqNxBQ8noz",en,"['kamvtv', 'foxnews', 'tedcruz', 'tuckercarlson', 'seanhannity', 'presssec', 'realdonaldtrump', 'oann', 'greggutfeld', 'donaldjtrumpjr', 'jennaellisesq', 'wsj']",['http://antifa.com'],[],0,4,0,['harrisbiden2020'],[],https://twitter.com/HowardSteele5/status/1293647779542306816,,,0,,,,,,,,"{'user_id': '3995778614', 'username': 'KamVTV'}",,,,
1293647439279411205,1293647439279411205,2020-08-12 16:35:58 EDT,2020-08-12,16:35:58,-0400,15029085,sethweathers,SETH WEATHERS,,When you go to https://t.co/8xUsQqMV2A it takes you to the official Biden campaign website.,en,[],['http://ANTIFA.com'],[],10,24,36,[],[],https://twitter.com/sethweathers/status/1293647439279411205,,,0,,,,,,,,"{'user_id': None, 'username': None}",,,,
1293646996646121472,1293646996646121472,2020-08-12 16:34:13 EDT,2020-08-12,16:34:13,-0400,27653101,anthonywhitetx,Anthony White,,Go to https://t.co/drMLmm0qPa and see what website comes up. üò≥üò≥üò≥,en,[],['http://antifa.com'],[],3,0,5,[],[],https://twitter.com/AnthonyWhiteTX/status/1293646996646121472,,,0,,,,,,,,"{'user_id': None, 'username': None}",,,,
1293646258301808640,1293646258301808640,2020-08-12 16:31:17 EDT,2020-08-12,16:31:17,-0400,240802366,starforcehh,Freemason,,@JoeBiden are you aware that https://t.co/Nw7MeGJDyk goes to your website? @realDonaldTrump @DonaldJTrumpJr @KatTimpf @kimguilfoyle @TuckerCarlson @seanhannity @BarackObama hahah,en,"['joebiden', 'realdonaldtrump', 'donaldjtrumpjr', 'kattimpf', 'kimguilfoyle', 'tuckercarlson', 'seanhannity', 'barackobama']",['http://Antifa.com'],[],0,0,1,[],[],https://twitter.com/STARFORCEHH/status/1293646258301808640,,,0,,,,,,,,"{'user_id': '939091', 'username': 'JoeBiden'}",,,,
1293645868839522304,1293639077762408449,2020-08-12 16:29:44 EDT,2020-08-12,16:29:44,-0400,1266445093663199233,timuywa,Tim Uy üá∫üá∏üå≤üöÄ,,"@C8red8r WhoIsGuard Protected means the owner and location are blocked. Will need to get WhoIs history. Would have been purchased a while ago...

Check old copies, see if pranksters own or true antifa followers.

https://t.co/6fuqdQExjD",en,['c8red8r'],['http://web.archive.org/web/*/antifa.com'],[],1,0,1,[],[],https://twitter.com/TimUyWA/status/1293645868839522304,,,0,,,,,,,,"{'user_id': '833652859929559040', 'username': 'C8red8r'}",,,,
1293643821931040768,1293643821931040768,2020-08-12 16:21:36 EDT,2020-08-12,16:21:36,-0400,3995778614,kamvtv,Kambree,,"When you put in https://t.co/VSnQTHV7A4 it pulls up the Harris-Biden campaign site. Who did this? 

https://t.co/4BaApOOLsJ",en,[],"['http://antifa.com', 'http://www.antifa.com']",[],146,703,1286,[],[],https://twitter.com/KamVTV/status/1293643821931040768,,,0,,,,,,,,"{'user_id': None, 'username': None}",,,,
1293643387032072192,1293643387032072192,2020-08-12 16:19:52 EDT,2020-08-12,16:19:52,-0400,2410068528,aubrey_huff,Aubrey Huff,,Google https://t.co/MvpUcx5yGh &amp; let me know what you find out.,en,[],['http://antifa.com'],[],871,1214,4131,[],[],https://twitter.com/aubrey_huff/status/1293643387032072192,,,0,,,,,,,,"{'user_id': None, 'username': None}",,,,
1293636430800064514,1293636430800064514,2020-08-12 15:52:14 EDT,2020-08-12,15:52:14,-0400,21150492,junkscience,Steve Milloy,,https://t.co/V6ckeB4nWT takes you to https://t.co/Gj0yzOQMvp... although it really should be the other way around.,en,[],"['http://Antifa.com', 'http://JoeBiden.com']",[],2,8,24,[],[],https://twitter.com/JunkScience/status/1293636430800064514,,,0,,,,,,,,"{'user_id': None, 'username': None}",,,,
1287419277138628608,1287363883007651840,2020-07-26 12:07:29 EDT,2020-07-26,12:07:29,-0400,362033655,jornalismowando,JornalismoWando,,"@chaplin_antifa com certeza, n√£o. Foi justamente a falta dele que ajudou a eleger Bolsonaro na √∫ltima elei√ß√£o.",pt,['chaplin_antifa'],[],[],2,0,9,[],[],https://twitter.com/JornalismoWando/status/1287419277138628608,,,0,,,,,,,,"{'user_id': '1074775266139037696', 'username': 'chaplin_antifa'}",,,,
1286441071543750664,1286441071543750664,2020-07-23 19:20:27 EDT,2020-07-23,19:20:27,-0400,1540034828,midianinja,M√≠dia NINJA,,"Come√ßa agora Ronda Antifa com os Policiais Antifascismo! O programa de hoje fala sobre criminaliza√ß√£o do funk e cultura negra, assista!

https://t.co/m99F1arNk6",pt,[],['https://youtu.be/iCntd0Q1ayg'],[],0,1,27,[],[],https://twitter.com/MidiaNINJA/status/1286441071543750664,,,0,,,,,,,,"{'user_id': None, 'username': None}",,,,
1285955088259915776,1285942004569059329,2020-07-22 11:09:19 EDT,2020-07-22,11:09:19,-0400,14116588,lsanger,Larry Sanger,,"@sandship Drone.

Yes, there is such a thing as antifa, genius. https://t.co/oH97wNsZnW

https://t.co/KieInNVNRJ

Blocked.",en,['sandship'],"['https://www.antifa.com/', 'https://www.youtube.com/watch?v=VLR76_e_koE']",[],0,1,2,[],[],https://twitter.com/lsanger/status/1285955088259915776,,,0,,,,,,,,"{'user_id': '62165516', 'username': 'sandship'}",,,,
1279097577120686081,1279097577120686081,2020-07-03 13:00:01 EDT,2020-07-03,13:00:01,-0400,35751569,vicebrasil,VICE BRASIL,,"Se algu√©m na sua vida est√° mais preocupado com manifestantes antifascistas ‚Äúviolentos‚Äù do que com racismo, saiba como esclarecer as coisas.

https://t.co/GpbvLmAfgn",pt,[],['https://www.vice.com/pt_br/article/y3z37m/como-falar-sobre-a-antifa-com-quem-surta-com-o-movimento'],[],0,17,69,[],[],https://twitter.com/VICEBRASIL/status/1279097577120686081,,,0,,,,,,,,"{'user_id': None, 'username': None}",,,,
1270717356872839173,1270717356872839173,2020-06-10 10:00:01 EDT,2020-06-10,10:00:01,-0400,308546718,eltemps_cat,El Temps,,"üá∫üá∏Trump ha assenyalat ‚ÄòAntifa‚Äô com a responsable dels avalots generats els darrers dies als EUA. Per√≤ qui hi ha de veritat al darrere de les manifestacions massives?
https://t.co/avttUiXWUH",ca,[],['https://www.eltemps.cat/article/10507/antifa-el-boc-expiatori-de-trump'],[],0,0,0,[],[],https://twitter.com/ElTemps_cat/status/1270717356872839173,,,0,,,,,,,,"{'user_id': None, 'username': None}",,,,
1270585231586844672,1270585231586844672,2020-06-10 01:15:00 EDT,2020-06-10,01:15:00,-0400,308546718,eltemps_cat,El Temps,,"üá∫üá∏Trump ha assenyalat ‚ÄòAntifa‚Äô com a responsable dels avalots generats els darrers dies als EUA. Per√≤ qui hi ha de veritat al darrere de les manifestacions massives?
https://t.co/avttUjfyjh",ca,[],['https://www.eltemps.cat/article/10507/antifa-el-boc-expiatori-de-trump'],[],0,1,0,[],[],https://twitter.com/ElTemps_cat/status/1270585231586844672,,,0,,,,,,,,"{'user_id': None, 'username': None}",,,,
1268564074742366208,1268564067964370947,2020-06-04 11:23:38 EDT,2020-06-04,11:23:38,-0400,1040704983358955526,douglasgarcia,Douglas Garcia - 28.321 Edson Salom√£o Vereador-SP,,Tive a informa√ß√£o de que havia antifa com tornozeleira eletr√¥nica e outro caso levantado pelo Dep @carteiroreaca de um antifa preso domingo que foi acusado de esquartejar a pr√≥pria m√£e quando ainda era menor de idade. E h√° quem diga que eram manifestantes pr√≥ democracia...,pt,['carteiroreaca'],[],[],97,890,3725,[],[],https://twitter.com/DouglasGarcia/status/1268564074742366208,,,0,,,,,,,,"{'user_id': '1040704983358955526', 'username': 'DouglasGarcia'}",,,,
1268296128702885888,1268296128702885888,2020-06-03 17:38:55 EDT,2020-06-03,17:38:55,-0400,14124402,pedrodoria,Pedro Doria üáßüá∑üò∑,,"Artigo do Mour√£o se bolsonarizando.

Presidente comparando antifa com terrorista.

Maus press√°gios.",pt,[],[],[],186,144,3451,[],[],https://twitter.com/pedrodoria/status/1268296128702885888,,,0,,,,,,,,"{'user_id': None, 'username': None}",,,,
1268178933108944899,1268178933108944899,2020-06-03 09:53:13 EDT,2020-06-03,09:53:13,-0400,2856059523,lucasberti,Lucas Berti,,"""Calles con sangre, canchas sin f√∫tbol"". Foi assim no Chile de ontem. No Brasil de hoje, Gavi√µes liderou passeata antifa com outras torcidas. Mancha entregou 100 ton de mantimentos em comunidades ind√≠genas. Futebol √© pol√≠tica SIM. No @BrazilianReport 

https://t.co/U7xrig6aHN",pt,['brazilianreport'],['https://brazilian.report/sports/2020/06/02/political-role-brazil-football-ultras-demonstrations/'],[],0,9,47,[],[],https://twitter.com/lucasberti/status/1268178933108944899,,,0,,,,,,,,"{'user_id': None, 'username': None}",,,,
1267945571098284036,1267945571098284036,2020-06-02 18:25:56 EDT,2020-06-02,18:25:56,-0400,35765232,programapanico,Programa P√¢nico,,"Nesta quarta-feira (03) vamos conversar sobre a Antifa com o jornalista e especialista em comunica√ß√£o pol√≠tica Mano Ferreira @manoferreira üí• Se quiser perguntar algo, escreva aqui nos coment√°rios. üòâ Assista √† Panflix, a TV da Jovem Pan! Baixe o app üëâüèºPANFLIX https://t.co/ZVA9C2GEYu",pt,['manoferreira'],[],['https://pbs.twimg.com/media/EZilxSNXkAAl04k.jpg'],99,9,124,[],[],https://twitter.com/programapanico/status/1267945571098284036,,,1,https://pbs.twimg.com/media/EZilxSNXkAAl04k.jpg,,,,,,,"{'user_id': None, 'username': None}",,,,
1267716327805943808,1267716327805943808,2020-06-02 03:15:00 EDT,2020-06-02,03:15:00,-0400,308546718,eltemps_cat,El Temps,,"üóΩDonald Trump vol declarar Antifa com a ‚Äúgrup terrorista‚Äù. Quin inter√®s electoral hi ha al darrere?
https://t.co/82M40147ql",ca,[],['https://www.eltemps.cat/article/10459/trump-carrega-contra-el-moviment-antifa-per-interes-electoral'],[],0,2,1,[],[],https://twitter.com/ElTemps_cat/status/1267716327805943808,,,0,,,,,,,,"{'user_id': None, 'username': None}",,,,
1267141478582636544,1267141244423155712,2020-05-31 13:10:45 EDT,2020-05-31,13:10:45,-0400,134009885,msbeervendor,Kevin Zelko,,"@craigcalcaterra Craig, you didn‚Äôt go to https://t.co/yTmXehValu and pay your annual dues &amp; get your subscription to Antifa Magazine?",en,['craigcalcaterra'],['http://Antifa.com'],[],1,0,17,[],[],https://twitter.com/Msbeervendor/status/1267141478582636544,,,0,,,,,,,,"{'user_id': '94839848', 'username': 'craigcalcaterra'}",,,,
904606749671530497,904606749671530497,2017-09-04 03:27:10 EDT,2017-09-04,03:27:10,-0400,549030107,alexey__kovalev,Alexey Kovalyov,,"There's not enough facepalms in the world

(don't bother checking out https://t.co/5MeAUNE4v0 - parked domain, squatted, never used) https://t.co/hg5xISTL1R",en,[],"['http://antifa.com', 'https://twitter.com/LouiseMensch/status/903783537006059524']",[],6,17,52,[],[],https://twitter.com/Alexey__Kovalev/status/904606749671530497,,0,0,,,,,,,,"{'user_id': None, 'username': None}",,,,
904483075697938432,904480314889826304,2017-09-03 19:15:44 EDT,2017-09-03,19:15:44,-0400,19629038,sophcw,Sophie Weiner,,"@Boringstein just loling at ""https://t.co/qpXs7Mv4i2""",en,['boringstein'],['http://antifa.com'],[],0,0,3,[],[],https://twitter.com/sophcw/status/904483075697938432,,,0,,,,,,,,"{'user_id': '24469899', 'username': 'Boringstein'}",,,,
904458075213635584,904456495949066240,2017-09-03 17:36:23 EDT,2017-09-03,17:36:23,-0400,1953612884,paulmmcooper,Paul üåπüìö Cooper,,@thetomzone Logging on to https://t.co/3wUGD5bYBR to buy a fleece,en,['thetomzone'],['http://antifa.com'],[],4,7,242,[],[],https://twitter.com/PaulMMCooper/status/904458075213635584,,,0,,,,,,,,"{'user_id': '119756545', 'username': 'thetomzone'}",,,,
245215940910923777,245215940910923777,2012-09-10 13:43:30 EDT,2012-09-10,13:43:30,-0400,179484444,avemisha,–ú–∏—Ö–∞–∏–ª –ö–∞—Ñ–∞–Ω–æ–≤,,"¬´386. –ò–Ω—Ç–µ—Ä–Ω–µ—Ç-—Ä–µ—Å—É—Ä—Å http://t.co/pZNLSBRG –∏ —Å–æ–¥–µ—Ä–∂–∞—â–∏–µ—Å—è –Ω–∞ –Ω–µ–º –∏–Ω—Ñ–æ—Ä–º–∞—Ü–∏–æ–Ω–Ω—ã–µ –º–∞—Ç–µ—Ä–∏–∞–ª—ã.¬ª
–ê –∑–∞ —á—Ç–æ —Ç–∞–∫ —Å —à–∞–≤–∫–∞–º–∏ –≤ 2009-–æ–º?",ru,[],['http://www.antifa.com.ua'],[],0,1,0,[],[],https://twitter.com/AveMisha/status/245215940910923777,,,0,,,,,,,,"{'user_id': None, 'username': None}",,,,
