Link,Amy Barrett,Jesse Barrett,Michael Coney,Linda Coney
http://www.peopleofpraise.org/news/?p=6219,,,,1
http://www.peopleofpraise.org/news/?p=8095,,,,
http://www.peopleofpraise.org/missionary/?p=4714,,,,
http://www.peopleofpraise.org/news/?p=3884,,,,
http://www.peopleofpraise.org/news/?p=3995,,,,
http://www.peopleofpraise.org/news/?p=566,,,1,1
http://www.peopleofpraise.org/news/?p=284,,,1,
http://www.peopleofpraise.org/news/?p=3290,,,1,
http://www.peopleofpraise.org/news/?p=6618,,,1,
http://www.peopleofpraise.org/news/?p=34,,,1,
http://www.peopleofpraise.org/news/?p=380,,,1,1
http://www.peopleofpraise.org/news/?p=6478,,,,
http://www.peopleofpraise.org/news/?p=2239,,,,1
http://www.peopleofpraise.org/about/branches,,,1,
http://www.peopleofpraise.org/news/?p=863,,,,
http://www.peopleofpraise.org/news/?p=1839,,,,
http://www.peopleofpraise.org/news/?p=7501,,,,
http://www.peopleofpraise.org/news/?p=6062,,,,
http://www.peopleofpraise.org/news/?p=2491,,,1,
http://www.peopleofpraise.org/missionary/?p=4507,,,,
http://www.peopleofpraise.org/news/?s=barrett,,,,
http://www.peopleofpraise.org/about/branches/,,,,
http://www.peopleofpraise.org/news/?p=597,,,,1
http://www.peopleofpraise.org/news/?p=1487,,,,1
http://www.peopleofpraise.org/news/?p=4129,,,,1
http://www.peopleofpraise.org/news/?p=6060,,,,
http://www.peopleofpraise.org/news/?p=349,,,,1
http://www.peopleofpraise.org/news/?p=608,,,1,
http://www.peopleofpraise.org/news/?p=4747,,,1,
http://www.peopleofpraise.org/news/?p=1483,,,,1
http://www.peopleofpraise.org/news/?p=1929,,,1,1
http://www.peopleofpraise.org/our-branches/,,,,
http://www.peopleofpraise.org/news/?p=8182,,,1,
http://www.peopleofpraise.org/our-branches,,,,
http://www.peopleofpraise.org/news/?p=2237,,,,1
http://www.peopleofpraise.org/news/?p=4764,,,,
http://www.peopleofpraise.org/news/?p=6126,,,,
http://www.peopleofpraise.org/news/?p=5571,,,,
http://www.peopleofpraise.org/news/?p=659,,,,1
http://www.peopleofpraise.org/news/?p=945,,,,
http://www.peopleofpraise.org/news/?p=687,,,,1
http://www.peopleofpraise.org/news/?p=1402,,,,
http://www.peopleofpraise.org/news/?p=5362,,,,
http://www.peopleofpraise.org/news/?p=3456,,,1,
http://www.peopleofpraise.org/news/?p=913,,,,
http://www.peopleofpraise.org/news/?p=8139,,,,
Total,0,0,13,13